DateKey,DepartmentKey,WorkloadKey,SignInFailures,HighSeverityIncidents,MediumSeverityIncidents,PrivilegedRoleChanges,GuestAccountsActive,TeamsCreated,TeamsArchived,ComplianceScore,RiskyDevices,DataLossEvents
20260101,1,1,27,0,3,1,5,2,1,63.71,3,1
20260101,1,2,26,1,3,1,5,1,0,66.12,4,0
20260101,1,3,35,2,4,1,9,3,0,64.6,5,1
20260101,1,4,38,2,4,2,4,1,1,67.73,5,1
20260101,1,5,39,1,4,1,2,1,0,69.15,6,1
20260101,2,1,28,1,3,2,6,2,0,66.87,3,2
20260101,2,2,38,2,4,2,7,2,0,64.62,4,1
20260101,2,3,32,2,5,1,9,3,1,67.55,4,2
20260101,2,4,39,1,5,2,5,1,1,69.88,3,1
20260101,2,5,36,2,5,2,4,1,1,70.55,8,1
20260101,3,1,28,2,5,1,6,2,0,66.47,5,2
20260101,3,2,40,1,4,1,9,2,0,69.95,5,0
20260101,3,3,42,2,5,2,8,3,0,70.99,7,2
20260101,3,4,39,1,6,2,6,1,0,72.44,6,0
20260101,3,5,44,2,4,2,7,1,1,73.63,6,1
20260101,4,1,42,2,4,1,7,1,0,69.37,5,1
20260101,4,2,35,2,4,2,10,1,0,70.91,5,0
20260101,4,3,47,2,5,2,13,3,0,71.2,6,1
20260101,4,4,48,2,6,2,9,1,1,71.7,5,1
20260101,4,5,47,2,5,3,9,2,1,72.58,9,1
20260101,5,1,45,2,5,1,10,1,0,69.11,7,2
20260101,5,2,41,2,5,2,12,2,1,72.74,6,1
20260101,5,3,51,2,5,2,12,4,1,74.72,6,2
20260101,5,4,44,2,6,2,9,1,1,73.69,7,1
20260101,5,5,51,3,6,3,9,2,0,74.57,10,1
20260102,1,1,24,2,3,1,6,2,0,62.45,3,2
20260102,1,2,33,2,3,1,5,2,1,66.73,5,0
20260102,1,3,35,1,4,2,6,3,0,66.97,3,1
20260102,1,4,37,1,4,1,4,2,1,67.06,3,1
20260102,1,5,32,2,5,1,5,1,1,67.01,5,1
20260102,2,1,34,1,5,1,4,1,0,67.12,5,2
20260102,2,2,37,1,3,1,7,2,0,68.31,3,2
20260102,2,3,39,2,5,2,7,4,0,69.08,6,2
20260102,2,4,41,1,5,1,7,2,0,71.32,4,1
20260102,2,5,44,1,4,2,5,2,1,70.98,6,1
20260102,3,1,39,1,5,1,9,1,1,66.84,4,1
20260102,3,2,39,1,5,1,7,2,0,69.93,4,1
20260102,3,3,39,2,5,2,10,3,1,68.92,5,2
20260102,3,4,44,2,4,2,7,1,0,71.09,7,1
20260102,3,5,49,2,5,2,5,1,1,72.82,8,1
20260102,4,1,36,1,4,2,10,1,0,69.84,6,1
20260102,4,2,43,2,5,1,8,1,0,70.19,7,0
20260102,4,3,41,2,4,2,12,3,1,70.1,7,2
20260102,4,4,41,2,4,3,9,1,0,74.38,6,1
20260102,4,5,50,3,6,3,10,2,1,73.05,10,1
20260102,5,1,45,2,4,1,9,2,1,71.21,7,2
20260102,5,2,39,2,4,2,11,1,0,73.08,7,1
20260102,5,3,45,2,5,2,13,4,1,74.23,8,2
20260102,5,4,48,2,5,2,12,2,1,75.92,7,1
20260102,5,5,49,2,6,2,10,2,0,74.97,9,1
20260103,1,1,27,0,3,1,2,2,0,65.22,2,1
20260103,1,2,26,1,4,1,5,2,0,64.1,2,1
20260103,1,3,37,1,4,2,8,4,1,65.78,2,1
20260103,1,4,30,1,4,1,5,2,0,69.0,4,0
20260103,1,5,41,2,3,1,3,2,1,69.19,7,0
20260103,2,1,32,1,2,1,7,2,0,68.55,5,2
20260103,2,2,32,1,3,1,7,2,0,69.62,5,1
20260103,2,3,38,1,4,2,8,4,1,68.8,4,2
20260103,2,4,36,2,4,1,7,1,1,70.11,4,1
20260103,2,5,45,1,3,2,5,2,1,71.4,5,2
20260103,3,1,29,1,3,2,8,2,1,69.26,4,1
20260103,3,2,38,1,4,1,7,1,1,69.0,5,1
20260103,3,3,36,1,3,1,10,4,0,70.44,5,2
20260103,3,4,47,1,3,1,6,1,0,71.21,5,1
20260103,3,5,50,1,4,2,9,1,1,74.13,7,1
20260103,4,1,33,0,5,1,10,1,0,71.13,4,1
20260103,4,2,40,1,5,1,10,2,1,70.27,6,1
20260103,4,3,42,2,5,2,12,4,1,73.22,5,1
20260103,4,4,47,1,3,1,7,1,1,74.21,5,1
20260103,4,5,50,1,5,3,10,2,1,76.82,7,1
20260103,5,1,42,2,4,1,9,1,1,71.46,6,1
20260103,5,2,45,2,5,2,10,1,0,71.87,6,1
20260103,5,3,42,2,5,2,15,4,1,72.78,6,2
20260103,5,4,49,2,5,2,11,2,1,73.64,6,1
20260103,5,5,54,2,4,3,10,2,1,76.89,9,1
20260104,1,1,24,2,3,1,6,2,1,63.33,3,1
20260104,1,2,32,1,4,1,4,2,1,66.4,2,1
20260104,1,3,33,0,2,1,7,3,1,70.28,3,1
20260104,1,4,38,1,4,2,3,2,1,67.52,4,1
20260104,1,5,42,1,4,2,3,2,0,71.5,5,1
20260104,2,1,27,1,3,2,6,1,1,65.73,4,2
20260104,2,2,32,1,3,2,6,1,1,66.15,5,1
20260104,2,3,39,1,4,2,11,4,0,68.95,4,2
20260104,2,4,42,1,4,2,7,1,1,69.2,4,2
20260104,2,5,39,1,4,2,7,2,0,71.28,7,1
20260104,3,1,38,0,2,1,9,2,1,69.55,3,1
20260104,3,2,40,1,4,2,5,2,0,68.99,4,1
20260104,3,3,40,2,3,1,12,4,0,72.13,5,1
20260104,3,4,39,1,3,2,9,2,0,72.58,4,1
20260104,3,5,46,1,3,2,6,1,1,73.34,7,1
20260104,4,1,42,1,5,2,8,2,1,70.47,4,1
20260104,4,2,40,2,3,2,9,1,1,71.33,7,1
20260104,4,3,44,2,4,2,12,3,1,72.33,7,1
20260104,4,4,43,2,3,2,9,2,1,75.38,7,1
20260104,4,5,52,1,5,2,8,1,1,74.3,9,1
20260104,5,1,43,2,5,2,10,2,0,70.82,7,2
20260104,5,2,45,1,5,2,9,1,0,74.47,6,2
20260104,5,3,43,1,5,2,13,3,0,76.2,6,2
20260104,5,4,45,2,3,2,11,2,1,75.6,8,1
20260104,5,5,51,1,4,2,12,1,0,77.74,9,1
20260105,1,1,22,1,4,2,4,1,0,62.66,4,1
20260105,1,2,31,1,4,1,5,1,0,66.0,2,1
20260105,1,3,29,1,5,1,6,4,0,68.21,3,1
20260105,1,4,32,1,5,1,2,2,0,67.79,3,0
20260105,1,5,40,2,5,2,5,1,0,68.78,7,0
20260105,2,1,33,2,4,1,8,1,1,65.02,5,2
20260105,2,2,37,1,3,1,4,1,1,68.29,4,2
20260105,2,3,36,1,5,1,10,4,1,69.89,5,1
20260105,2,4,38,1,4,2,5,1,1,71.11,4,1
20260105,2,5,46,1,6,1,4,2,1,71.77,6,1
20260105,3,1,32,1,4,1,8,2,1,69.96,5,1
20260105,3,2,37,1,5,1,6,2,0,70.37,5,1
20260105,3,3,43,2,5,2,11,3,1,70.96,5,1
20260105,3,4,44,2,4,1,9,2,0,70.58,6,0
20260105,3,5,47,2,5,2,7,2,1,73.01,6,0
20260105,4,1,33,2,5,1,10,1,1,68.2,7,1
20260105,4,2,39,1,5,2,10,1,0,71.53,4,1
20260105,4,3,40,1,4,2,10,4,0,72.59,6,1
20260105,4,4,49,3,4,2,7,1,1,74.02,7,1
20260105,4,5,51,2,4,2,8,2,1,76.32,9,0
20260105,5,1,45,1,5,2,10,1,0,71.07,5,2
20260105,5,2,39,2,6,2,11,2,1,70.97,6,1
20260105,5,3,48,3,6,2,15,4,1,73.46,7,2
20260105,5,4,50,3,6,3,11,1,0,73.56,7,1
20260105,5,5,47,3,5,2,9,2,0,77.18,10,1
20260106,1,1,27,1,4,1,6,1,1,64.9,3,1
20260106,1,2,25,1,3,2,3,2,1,64.77,3,1
20260106,1,3,31,1,3,1,6,3,0,68.05,4,1
20260106,1,4,30,1,5,1,5,2,1,69.84,3,1
20260106,1,5,34,1,6,2,4,2,1,68.71,5,1
20260106,2,1,34,2,5,1,6,1,1,64.82,4,2
20260106,2,2,29,1,5,1,5,1,0,68.74,3,1
20260106,2,3,39,2,3,1,10,3,0,67.58,6,2
20260106,2,4,42,1,4,2,6,1,1,69.83,5,1
20260106,2,5,42,1,5,2,7,1,1,73.49,6,1
20260106,3,1,32,1,5,2,9,1,0,68.26,6,1
20260106,3,2,32,2,5,1,8,1,1,67.33,5,1
20260106,3,3,36,2,4,1,9,4,0,72.23,5,1
20260106,3,4,47,2,5,2,6,1,1,72.06,4,1
20260106,3,5,44,1,4,2,9,1,1,74.2,6,1
20260106,4,1,35,1,4,2,9,1,1,70.45,4,1
20260106,4,2,37,1,4,2,8,1,1,70.11,7,0
20260106,4,3,43,2,6,2,11,4,1,73.23,6,1
20260106,4,4,49,2,6,2,10,2,0,71.36,6,1
20260106,4,5,45,3,5,2,9,2,0,74.94,8,1
20260106,5,1,36,1,3,2,11,2,1,71.56,7,1
20260106,5,2,42,2,6,2,9,1,1,72.88,8,1
20260106,5,3,52,2,5,2,14,4,1,72.33,7,2
20260106,5,4,50,2,4,2,10,2,1,76.38,6,1
20260106,5,5,56,2,7,2,12,2,0,76.65,8,1
20260107,1,1,29,2,3,1,5,1,0,64.88,4,1
20260107,1,2,30,1,4,2,4,2,1,65.79,3,1
20260107,1,3,29,1,5,1,7,4,0,66.22,3,2
20260107,1,4,33,2,4,1,6,1,1,67.83,3,1
20260107,1,5,42,1,4,1,4,2,1,71.19,6,1
20260107,2,1,33,1,3,1,4,2,0,66.97,4,2
20260107,2,2,34,2,3,1,8,2,1,68.35,6,1
20260107,2,3,41,2,4,2,8,4,1,68.78,4,2
20260107,2,4,38,2,3,1,4,1,0,71.13,4,2
20260107,2,5,46,2,4,2,6,1,0,71.4,7,1
20260107,3,1,39,1,4,2,8,2,1,69.35,4,1
20260107,3,2,38,2,5,2,7,2,1,68.89,5,1
20260107,3,3,39,2,5,1,9,3,1,70.12,5,1
20260107,3,4,40,2,5,2,9,1,0,71.65,5,1
20260107,3,5,42,2,4,2,7,2,0,74.6,6,1
20260107,4,1,38,1,5,1,9,1,0,68.36,7,1
20260107,4,2,45,1,4,1,9,2,1,71.82,6,1
20260107,4,3,42,3,5,2,11,3,1,69.93,7,1
20260107,4,4,46,3,5,3,10,1,1,71.9,8,1
20260107,4,5,53,3,5,2,9,1,0,73.43,9,1
20260107,5,1,42,2,4,2,9,2,1,70.56,6,2
20260107,5,2,44,2,4,2,10,2,1,73.08,8,1
20260107,5,3,49,1,5,3,15,4,1,75.38,7,1
20260107,5,4,51,2,6,2,11,1,1,73.68,6,1
20260107,5,5,48,3,6,3,12,2,1,73.85,8,1
20260108,1,1,25,1,4,1,3,2,0,63.99,4,2
20260108,1,2,31,2,4,1,3,1,0,66.81,4,1
20260108,1,3,29,2,4,1,9,4,0,65.25,5,1
20260108,1,4,40,2,5,2,3,1,1,66.96,4,1
20260108,1,5,38,1,4,2,5,0,1,70.57,5,1
20260108,2,1,31,1,3,1,7,0,1,65.08,4,2
20260108,2,2,32,2,5,1,4,2,0,67.29,6,1
20260108,2,3,37,2,5,2,10,3,1,66.84,6,2
20260108,2,4,38,2,6,2,7,2,0,69.4,4,2
20260108,2,5,39,3,5,2,7,2,1,69.0,6,1
20260108,3,1,33,1,3,2,8,1,1,67.44,6,2
20260108,3,2,40,2,3,2,6,0,0,68.3,5,1
20260108,3,3,42,2,4,2,8,3,1,68.78,4,1
20260108,3,4,41,2,6,2,7,0,1,70.42,6,0
20260108,3,5,41,1,6,2,7,1,1,73.7,7,0
20260108,4,1,35,2,5,1,9,1,0,69.49,5,1
20260108,4,2,40,2,4,1,9,0,0,71.41,5,1
20260108,4,3,47,2,5,2,10,3,1,72.81,6,2
20260108,4,4,49,2,4,2,7,2,1,72.31,7,0
20260108,4,5,48,3,6,3,9,1,1,73.09,10,1
20260108,5,1,40,2,5,2,11,1,0,71.14,7,2
20260108,5,2,41,1,4,2,11,1,1,74.92,6,1
20260108,5,3,44,3,6,1,15,3,1,74.39,6,1
20260108,5,4,45,2,6,2,9,1,0,74.2,6,1
20260108,5,5,47,3,5,3,11,1,1,76.48,9,1
20260109,1,1,23,1,3,1,2,2,1,66.42,4,1
20260109,1,2,30,2,5,1,5,1,0,63.58,4,1
20260109,1,3,32,2,3,2,8,4,1,68.47,4,1
20260109,1,4,32,1,5,2,5,0,1,67.38,3,1
20260109,1,5,39,2,4,2,5,1,1,70.77,5,1
20260109,2,1,25,2,5,1,8,1,0,65.72,4,2
20260109,2,2,34,2,4,1,5,0,1,67.18,4,2
20260109,2,3,36,2,5,1,8,3,0,67.07,4,2
20260109,2,4,40,2,4,1,5,2,1,70.75,5,1
20260109,2,5,45,3,5,2,4,1,0,70.98,7,2
20260109,3,1,35,2,3,1,9,2,1,68.99,5,2
20260109,3,2,34,2,3,1,7,1,1,69.96,5,1
20260109,3,3,34,2,3,2,9,4,0,71.92,6,2
20260109,3,4,47,1,4,1,6,1,1,72.25,5,1
20260109,3,5,44,2,6,2,8,2,1,74.03,8,0
20260109,4,1,36,2,3,1,8,1,1,71.06,6,2
20260109,4,2,36,2,3,1,10,2,1,69.91,5,1
20260109,4,3,48,2,4,2,11,4,1,73.35,7,1
20260109,4,4,41,2,5,2,8,2,0,74.51,5,1
20260109,4,5,51,2,7,2,9,2,0,75.36,9,1
20260109,5,1,44,1,4,2,10,1,1,72.09,7,2
20260109,5,2,40,2,6,2,9,0,1,72.72,8,1
20260109,5,3,43,1,5,2,13,2,0,74.81,6,2
20260109,5,4,44,2,4,2,10,1,0,75.54,6,2
20260109,5,5,57,3,6,2,10,0,0,75.82,8,1
20260110,1,1,26,1,2,1,3,1,1,64.27,2,1
20260110,1,2,35,1,3,2,3,1,1,67.56,5,0
20260110,1,3,31,2,3,1,9,4,0,67.82,4,1
20260110,1,4,33,1,4,1,3,1,1,69.33,4,1
20260110,1,5,43,1,4,2,3,1,1,71.48,5,1
20260110,2,1,32,0,4,1,7,0,1,67.5,3,2
20260110,2,2,38,1,3,2,5,2,1,68.77,3,1
20260110,2,3,38,1,4,1,11,3,0,70.58,6,2
20260110,2,4,34,1,4,2,6,1,1,70.53,5,1
20260110,2,5,42,1,3,1,5,2,0,74.61,5,1
20260110,3,1,34,0,3,1,7,1,0,69.2,5,1
20260110,3,2,41,1,4,1,9,0,0,68.95,5,1
20260110,3,3,37,1,3,2,10,2,1,70.68,5,1
20260110,3,4,45,1,4,2,6,0,1,71.79,4,1
20260110,3,5,43,2,4,2,8,1,1,72.97,8,1
20260110,4,1,41,1,3,2,7,0,0,70.07,5,2
20260110,4,2,41,1,3,1,8,1,1,73.04,7,1
20260110,4,3,43,1,3,2,10,3,0,72.46,6,2
20260110,4,4,46,1,4,2,10,1,0,73.23,6,1
20260110,4,5,47,2,3,2,10,1,1,74.48,7,1
20260110,5,1,45,1,4,1,11,1,1,71.24,7,2
20260110,5,2,42,2,4,2,12,1,1,74.01,6,1
20260110,5,3,48,1,5,2,12,2,0,74.01,5,2
20260110,5,4,47,2,4,2,10,0,1,77.77,7,1
20260110,5,5,58,2,5,3,12,0,1,76.02,9,1
20260111,1,1,30,1,3,1,3,1,1,65.58,5,1
20260111,1,2,30,0,4,1,6,1,0,68.14,4,1
20260111,1,3,32,1,3,1,7,3,1,67.06,3,2
20260111,1,4,34,1,4,2,3,1,0,67.56,4,1
20260111,1,5,34,2,3,1,6,0,1,68.87,6,0
20260111,2,1,35,0,4,1,5,2,0,67.28,3,2
20260111,2,2,31,1,4,1,6,0,0,68.9,3,1
20260111,2,3,40,2,3,1,7,3,1,67.77,4,2
20260111,2,4,35,2,4,1,8,0,1,68.58,5,1
20260111,2,5,44,1,3,2,6,2,0,71.41,7,1
20260111,3,1,33,2,3,1,6,0,1,68.56,6,2
20260111,3,2,39,2,4,1,7,1,1,68.61,4,1
20260111,3,3,45,1,3,2,11,3,1,73.6,6,1
20260111,3,4,47,1,3,2,8,2,1,71.61,4,1
20260111,3,5,40,1,5,2,8,1,0,74.88,6,1
20260111,4,1,39,1,3,1,8,1,1,70.71,6,2
20260111,4,2,43,0,4,2,10,0,0,72.66,5,1
20260111,4,3,41,2,4,1,13,3,0,74.48,6,2
20260111,4,4,49,1,3,2,8,2,1,73.66,6,1
20260111,4,5,44,2,4,2,9,1,1,75.84,8,1
20260111,5,1,37,1,4,1,11,0,1,71.83,6,2
20260111,5,2,40,2,5,2,12,1,1,72.11,7,1
20260111,5,3,45,1,4,2,15,3,1,77.23,8,1
20260111,5,4,50,1,5,2,11,0,0,76.88,6,1
20260111,5,5,52,2,4,3,9,2,1,76.43,7,1
20260112,1,1,24,1,4,1,6,0,1,66.09,4,1
20260112,1,2,30,1,4,1,6,1,0,67.85,5,1
20260112,1,3,35,1,5,1,5,2,1,65.95,4,1
20260112,1,4,41,1,4,1,5,1,1,68.68,3,0
20260112,1,5,35,2,5,1,3,1,0,69.71,7,0
20260112,2,1,29,1,3,1,6,1,1,65.53,5,2
20260112,2,2,29,1,4,1,6,0,1,66.64,4,1
20260112,2,3,39,1,4,2,7,2,1,71.32,3,2
20260112,2,4,38,2,5,2,5,1,0,68.26,6,1
20260112,2,5,38,2,6,2,4,1,0,71.25,8,1
20260112,3,1,29,2,3,1,6,1,1,66.6,6,1
20260112,3,2,35,1,4,1,6,0,0,71.71,5,1
20260112,3,3,43,2,6,2,10,3,1,71.47,6,1
20260112,3,4,39,2,4,2,8,0,1,72.29,6,1
20260112,3,5,51,1,5,2,9,2,0,76.02,6,1
20260112,4,1,41,1,5,2,8,1,1,70.94,7,1
20260112,4,2,43,2,5,2,8,2,1,70.8,6,1
20260112,4,3,39,1,4,2,10,4,0,72.25,6,2
20260112,4,4,50,2,4,2,11,1,1,75.48,7,1
20260112,4,5,54,2,4,2,7,0,1,76.73,9,1
20260112,5,1,38,2,5,2,12,0,1,70.16,6,2
20260112,5,2,40,2,6,2,10,2,1,70.8,7,2
20260112,5,3,52,2,5,2,12,4,0,76.07,6,2
20260112,5,4,45,3,6,3,10,0,0,72.77,7,1
20260112,5,5,47,2,6,3,12,1,0,76.9,8,1
20260113,1,1,31,1,4,1,2,2,0,64.26,5,1
20260113,1,2,27,1,4,1,6,0,1,66.82,3,0
20260113,1,3,38,1,5,1,6,3,0,68.27,4,2
20260113,1,4,33,1,3,1,4,2,0,69.26,3,1
20260113,1,5,40,2,4,1,3,1,0,71.25,5,1
20260113,2,1,31,2,3,1,4,2,0,66.16,4,2
20260113,2,2,31,1,3,2,6,0,0,68.66,6,1
20260113,2,3,37,2,5,1,9,4,1,70.03,5,1
20260113,2,4,44,2,4,2,7,1,1,68.89,6,1
20260113,2,5,47,3,5,1,5,2,1,72.55,8,1
20260113,3,1,32,2,5,1,7,1,0,66.85,5,2
20260113,3,2,40,2,4,1,7,0,1,70.44,7,1
20260113,3,3,41,1,4,2,10,3,0,71.61,5,1
20260113,3,4,40,1,5,2,5,2,0,71.87,6,1
20260113,3,5,50,1,6,2,6,1,1,72.51,8,0
20260113,4,1,43,1,5,1,9,1,0,69.52,7,2
20260113,4,2,44,2,5,2,8,1,1,69.6,7,1
20260113,4,3,39,1,6,2,11,3,1,73.7,5,2
20260113,4,4,47,2,4,1,8,1,0,75.84,6,1
20260113,4,5,46,3,6,2,8,1,0,74.42,10,1
20260113,5,1,43,2,4,1,9,1,1,70.24,8,2
20260113,5,2,46,1,4,2,10,2,1,73.89,6,1
20260113,5,3,45,2,6,2,13,2,1,74.64,8,2
20260113,5,4,52,2,5,2,9,2,1,77.21,6,1
20260113,5,5,57,2,5,3,12,1,1,77.52,9,1
20260114,1,1,30,1,5,1,4,1,0,65.39,4,1
20260114,1,2,33,1,4,1,6,1,1,67.73,4,1
20260114,1,3,30,1,3,1,8,4,0,68.99,3,1
20260114,1,4,34,2,4,2,3,0,0,69.6,4,1
20260114,1,5,40,2,3,2,4,2,0,69.46,5,1
20260114,2,1,27,1,4,1,7,1,0,67.77,5,2
20260114,2,2,35,1,4,1,5,1,0,69.44,4,1
20260114,2,3,32,2,5,1,11,3,0,67.66,4,1
20260114,2,4,38,2,4,2,6,0,1,69.78,4,1
20260114,2,5,43,1,6,2,5,1,1,71.46,7,2
20260114,3,1,33,2,4,1,9,2,0,67.11,6,1
20260114,3,2,40,2,3,1,8,0,1,69.06,6,0
20260114,3,3,46,2,5,1,11,3,0,70.91,5,1
20260114,3,4,45,2,4,2,8,0,1,71.03,6,0
20260114,3,5,48,1,4,2,6,0,0,74.82,6,1
20260114,4,1,36,1,4,1,11,1,0,71.61,7,2
20260114,4,2,43,1,4,2,10,0,0,71.27,7,1
20260114,4,3,43,1,4,1,11,4,0,74.85,4,2
20260114,4,4,42,3,6,2,8,1,1,74.1,6,1
20260114,4,5,46,2,7,2,8,2,1,75.33,9,0
20260114,5,1,44,1,6,1,10,1,1,72.93,5,2
20260114,5,2,43,1,5,2,12,0,1,72.5,6,1
20260114,5,3,45,2,6,2,15,3,1,75.86,7,2
20260114,5,4,51,3,4,2,9,1,1,75.03,8,1
20260114,5,5,58,2,6,2,12,2,1,75.61,9,1
20260115,1,1,33,0,3,1,4,0,1,67.4,3,2
20260115,1,2,30,1,4,1,3,1,1,64.77,2,1
20260115,1,3,34,1,4,1,8,4,0,66.47,3,1
20260115,1,4,37,2,4,2,5,0,1,67.42,4,1
20260115,1,5,44,1,4,2,2,0,0,71.6,6,0
20260115,2,1,32,1,5,1,6,1,1,65.31,4,2
20260115,2,2,38,2,5,1,6,2,0,67.32,5,1
20260115,2,3,42,2,4,2,10,3,1,69.75,4,2
20260115,2,4,41,2,4,2,8,2,1,69.6,6,2
20260115,2,5,42,1,4,2,7,1,1,74.12,7,2
20260115,3,1,36,1,4,1,7,1,1,69.61,6,1
20260115,3,2,40,1,3,1,7,1,1,70.62,6,1
20260115,3,3,38,2,5,2,8,2,1,69.49,6,1
20260115,3,4,41,1,6,2,6,1,0,73.75,4,1
20260115,3,5,49,3,6,2,6,1,1,71.56,8,1
20260115,4,1,37,2,6,1,9,0,0,69.9,7,2
20260115,4,2,45,2,5,2,10,1,1,72.06,8,1
20260115,4,3,40,2,4,1,12,3,1,73.37,5,1
20260115,4,4,44,2,6,2,8,1,0,75.28,7,1
20260115,4,5,49,2,5,3,8,0,0,73.77,8,1
20260115,5,1,42,1,4,1,10,1,0,73.98,6,2
20260115,5,2,48,3,4,2,10,2,1,72.96,9,1
20260115,5,3,46,3,6,2,14,3,1,74.48,7,2
20260115,5,4,50,2,6,2,11,2,0,77.36,7,1
20260115,5,5,48,3,6,3,10,0,1,76.8,11,1
20260116,1,1,29,2,4,1,4,1,0,62.65,5,1
20260116,1,2,31,1,3,1,5,1,0,67.62,4,1
20260116,1,3,35,2,4,2,5,4,0,68.03,4,1
20260116,1,4,39,1,4,2,4,1,0,69.01,4,1
20260116,1,5,44,1,5,2,5,1,0,72.17,5,1
20260116,2,1,27,0,4,1,7,1,1,69.5,3,2
20260116,2,2,36,1,3,1,7,0,0,70.08,5,1
20260116,2,3,42,2,4,2,8,2,0,69.81,5,2
20260116,2,4,36,2,3,2,7,1,1,71.27,4,1
20260116,2,5,43,2,4,2,4,0,0,72.86,6,1
20260116,3,1,31,2,5,1,7,1,1,66.73,6,2
20260116,3,2,42,1,4,1,9,0,0,68.92,5,0
20260116,3,3,41,2,5,2,11,3,1,70.55,6,1
20260116,3,4,40,2,5,2,7,1,0,72.16,6,1
20260116,3,5,49,2,4,2,7,0,1,74.57,9,1
20260116,4,1,38,1,4,1,7,1,0,70.09,7,1
20260116,4,2,41,2,3,2,8,1,1,73.04,7,1
20260116,4,3,45,1,5,2,13,4,1,73.1,7,1
20260116,4,4,45,3,5,2,9,1,0,72.05,6,1
20260116,4,5,47,2,5,2,7,0,1,76.44,8,1
20260116,5,1,39,1,5,1,9,1,0,73.27,5,2
20260116,5,2,40,2,4,2,11,1,0,74.29,7,1
20260116,5,3,43,2,6,2,12,4,1,75.36,8,1
20260116,5,4,52,2,6,2,10,1,0,75.39,6,1
20260116,5,5,57,3,6,2,9,1,1,74.74,10,1
20260117,1,1,24,1,2,1,5,2,1,66.47,4,1
20260117,1,2,26,1,3,2,5,1,1,67.7,4,1
20260117,1,3,29,0,3,1,9,3,1,69.15,2,2
20260117,1,4,39,1,2,1,5,1,0,69.93,3,1
20260117,1,5,36,2,3,2,3,1,1,70.12,7,1
20260117,2,1,30,1,3,1,5,1,1,68.86,5,2
20260117,2,2,34,1,3,1,5,1,1,69.79,5,1
20260117,2,3,42,0,2,1,10,3,0,70.83,2,1
20260117,2,4,39,2,4,2,7,1,1,71.73,5,1
20260117,2,5,39,1,5,2,4,1,1,71.66,5,1
20260117,3,1,32,0,3,2,8,1,0,70.54,4,2
20260117,3,2,33,0,3,2,9,1,1,70.93,5,0
20260117,3,3,45,1,3,2,9,2,0,73.94,6,2
20260117,3,4,48,2,4,2,9,1,1,73.51,7,1
20260117,3,5,46,1,3,2,6,1,1,75.97,6,1
20260117,4,1,44,1,2,2,8,0,1,72.84,4,2
20260117,4,2,41,1,5,1,11,1,1,72.38,5,1
20260117,4,3,48,1,3,1,12,2,0,76.09,6,1
20260117,4,4,48,2,4,1,9,1,1,76.58,7,1
20260117,4,5,50,2,5,2,8,1,0,76.81,8,1
20260117,5,1,42,1,4,1,12,1,1,73.91,5,1
20260117,5,2,46,1,4,1,11,0,1,75.14,6,1
20260117,5,3,45,2,4,2,13,3,0,75.35,6,1
20260117,5,4,48,1,4,2,9,2,0,78.58,5,1
20260117,5,5,59,2,4,3,12,1,1,78.07,8,1
20260118,1,1,23,1,3,1,4,1,0,65.88,5,1
20260118,1,2,25,0,4,2,3,1,1,66.29,4,1
20260118,1,3,35,1,4,2,7,3,1,66.78,3,2
20260118,1,4,35,1,4,2,2,0,0,68.9,3,1
20260118,1,5,41,1,3,2,4,1,1,71.1,4,0
20260118,2,1,34,1,4,1,4,0,0,65.74,5,2
20260118,2,2,29,1,4,1,5,0,1,70.2,4,1
20260118,2,3,35,1,3,2,7,3,1,69.78,4,2
20260118,2,4,40,1,3,2,6,0,1,72.38,5,1
20260118,2,5,43,1,3,2,6,1,1,72.93,5,1
20260118,3,1,30,1,4,1,7,0,1,70.92,5,1
20260118,3,2,37,1,3,1,7,1,1,70.78,4,1
20260118,3,3,40,1,3,2,9,4,1,73.52,5,1
20260118,3,4,46,2,4,2,6,1,1,73.08,5,1
20260118,3,5,43,1,3,2,6,0,0,76.18,7,1
20260118,4,1,35,1,3,1,10,2,1,72.71,5,2
20260118,4,2,47,0,4,1,9,0,1,74.85,6,0
20260118,4,3,47,1,5,2,13,2,1,74.69,6,2
20260118,4,4,47,2,4,2,9,0,1,74.74,6,1
20260118,4,5,47,2,5,2,7,1,0,74.61,7,0
20260118,5,1,46,0,3,2,10,1,0,72.83,5,1
20260118,5,2,46,2,5,2,9,1,1,74.36,6,1
20260118,5,3,53,2,5,2,13,3,1,74.3,6,2
20260118,5,4,51,1,4,2,9,0,0,78.4,6,1
20260118,5,5,58,2,3,2,10,0,0,76.71,9,1
20260119,1,1,25,0,4,1,3,1,1,66.43,3,1
20260119,1,2,31,1,4,1,5,0,1,65.33,4,0
20260119,1,3,38,1,4,1,7,4,1,68.48,4,1
20260119,1,4,35,2,3,2,3,1,1,67.58,5,0
20260119,1,5,40,2,4,2,5,1,0,68.59,5,1
20260119,2,1,37,2,3,1,6,0,1,65.94,5,1
20260119,2,2,37,1,3,1,5,1,1,70.62,3,1
20260119,2,3,36,1,3,2,8,3,0,72.26,4,2
20260119,2,4,43,2,5,2,6,0,1,71.92,4,2
20260119,2,5,42,2,5,2,6,1,1,71.18,6,1
20260119,3,1,39,1,5,1,6,1,1,70.57,4,1
20260119,3,2,36,1,4,2,6,1,0,70.28,6,1
20260119,3,3,43,2,4,2,11,3,1,71.58,5,2
20260119,3,4,44,1,4,2,7,1,0,74.96,6,1
20260119,3,5,48,2,4,2,7,1,0,74.38,6,1
20260119,4,1,36,1,5,1,9,1,1,70.04,5,1
20260119,4,2,38,1,5,1,8,0,1,73.53,5,0
20260119,4,3,45,2,5,1,12,4,0,71.6,7,1
20260119,4,4,52,1,6,2,8,1,1,73.23,5,1
20260119,4,5,51,3,5,2,7,1,0,74.54,9,1
20260119,5,1,38,1,6,2,12,1,0,73.14,5,2
20260119,5,2,40,1,5,1,11,0,1,75.37,5,1
20260119,5,3,43,2,6,1,12,3,1,75.21,6,2
20260119,5,4,45,2,5,3,11,2,0,77.46,7,1
20260119,5,5,52,3,5,2,12,1,0,76.99,9,2
20260120,1,1,23,1,4,1,4,0,0,64.94,4,1
20260120,1,2,36,1,5,1,6,2,1,64.93,4,1
20260120,1,3,30,2,4,1,7,4,2,68.02,3,1
20260120,1,4,33,2,5,1,4,0,0,68.87,5,1
20260120,1,5,37,2,4,1,6,2,0,72.13,7,1
20260120,2,1,32,2,3,1,7,1,1,68.29,5,2
20260120,2,2,34,2,5,2,5,1,0,66.34,6,1
20260120,2,3,35,2,4,1,9,3,2,69.49,5,2
20260120,2,4,43,1,5,2,4,0,0,72.32,3,1
20260120,2,5,42,2,6,2,4,2,1,72.94,7,1
20260120,3,1,35,1,4,1,8,1,0,69.87,6,1
20260120,3,2,38,2,5,1,7,1,0,71.51,6,1
20260120,3,3,44,2,5,2,8,3,2,70.27,6,1
20260120,3,4,43,2,4,2,6,1,1,73.62,4,1
20260120,3,5,51,2,4,2,7,0,1,75.09,6,1
20260120,4,1,36,2,5,2,10,0,0,69.79,6,1
20260120,4,2,41,2,5,2,8,1,1,72.95,6,1
20260120,4,3,41,2,4,2,12,3,2,73.13,7,1
20260120,4,4,43,2,5,2,9,2,1,72.69,7,1
20260120,4,5,51,2,5,2,9,0,1,76.4,8,1
20260120,5,1,38,1,5,1,12,1,1,72.39,7,1
20260120,5,2,44,1,5,2,11,1,1,73.21,6,1
20260120,5,3,53,1,5,2,13,2,2,76.05,6,1
20260120,5,4,53,2,6,2,11,1,0,76.95,7,2
20260120,5,5,54,3,7,3,10,1,0,76.21,11,1
20260121,1,1,24,1,4,1,4,0,1,66.3,5,1
20260121,1,2,26,1,3,2,5,2,0,66.55,4,1
20260121,1,3,29,1,3,2,6,3,1,66.87,4,1
20260121,1,4,39,2,3,1,3,1,1,71.0,5,1
20260121,1,5,39,2,5,2,3,1,0,70.92,7,1
20260121,2,1,34,1,4,1,6,1,1,67.02,6,2
20260121,2,2,30,2,4,2,6,1,1,69.21,6,1
20260121,2,3,35,1,4,1,8,3,2,69.53,4,1
20260121,2,4,43,2,6,2,4,1,1,69.08,6,1
20260121,2,5,43,2,4,2,7,2,1,71.08,7,1
20260121,3,1,38,1,3,2,8,1,0,69.53,4,1
20260121,3,2,40,1,5,1,9,1,0,69.9,4,1
20260121,3,3,37,1,4,1,11,3,1,72.01,4,1
20260121,3,4,46,2,4,1,8,1,1,71.82,5,1
20260121,3,5,42,1,5,2,8,1,1,75.67,7,1
20260121,4,1,43,2,5,1,11,1,1,68.97,7,2
20260121,4,2,42,2,5,2,9,0,0,72.85,7,1
20260121,4,3,44,2,5,2,13,3,1,72.96,6,1
20260121,4,4,44,3,5,2,7,1,1,73.02,7,1
20260121,4,5,51,2,5,2,9,2,0,75.48,9,1
20260121,5,1,46,2,5,2,9,1,0,73.6,7,2
20260121,5,2,47,2,5,2,9,2,0,72.14,8,1
20260121,5,3,47,2,6,1,15,4,2,75.44,6,1
20260121,5,4,47,2,5,2,9,1,0,76.8,8,1
20260121,5,5,59,2,7,2,9,0,1,77.01,8,1
20260122,1,1,27,1,2,1,5,1,1,67.65,3,2
20260122,1,2,30,1,3,1,4,1,1,66.36,3,1
20260122,1,3,38,1,5,2,6,2,1,68.83,3,1
20260122,1,4,42,1,5,1,4,1,1,69.51,3,1
20260122,1,5,40,1,4,1,5,1,1,70.68,5,1
20260122,2,1,33,1,5,1,7,0,1,67.97,3,2
20260122,2,2,40,2,5,1,4,2,0,67.78,5,2
20260122,2,3,33,2,5,1,7,3,2,69.27,5,2
20260122,2,4,43,2,6,2,5,0,1,71.18,5,1
20260122,2,5,38,2,4,1,8,1,1,71.96,5,1
20260122,3,1,39,1,3,1,9,0,0,68.81,5,1
20260122,3,2,38,2,4,2,7,1,1,69.41,4,0
20260122,3,3,46,1,5,2,11,3,2,72.53,4,2
20260122,3,4,42,2,5,1,6,1,0,73.77,6,1
20260122,3,5,45,2,5,2,9,0,1,73.95,8,1
20260122,4,1,41,1,5,2,11,1,1,72.32,5,1
20260122,4,2,38,2,4,2,10,1,1,70.88,6,1
20260122,4,3,41,2,5,2,10,2,1,72.94,5,1
20260122,4,4,44,1,4,3,10,2,1,76.13,6,0
20260122,4,5,54,2,6,3,9,2,1,76.23,7,1
20260122,5,1,48,2,6,1,10,2,1,71.39,6,1
20260122,5,2,49,2,4,1,12,0,1,74.2,8,1
20260122,5,3,45,2,4,2,12,3,2,76.26,6,1
20260122,5,4,52,2,5,3,9,1,1,76.97,6,1
20260122,5,5,58,3,6,3,10,1,1,77.64,10,1
20260123,1,1,23,2,4,1,4,2,0,65.46,4,1
20260123,1,2,36,1,4,2,2,1,1,67.49,3,0
20260123,1,3,33,1,4,2,8,3,1,68.94,4,1
20260123,1,4,34,2,4,2,2,1,0,69.18,5,1
20260123,1,5,45,1,3,2,2,0,1,72.41,5,1
20260123,2,1,36,1,4,2,4,0,1,67.36,5,1
20260123,2,2,37,1,3,1,5,1,1,68.37,4,1
20260123,2,3,33,2,5,1,10,3,2,71.2,5,2
20260123,2,4,46,2,4,2,7,1,1,70.47,4,1
20260123,2,5,42,2,5,2,7,0,0,73.46,7,1
20260123,3,1,30,1,3,1,6,1,1,69.76,6,2
20260123,3,2,41,1,5,1,7,2,1,69.2,4,1
20260123,3,3,46,2,5,1,8,3,1,71.57,4,1
20260123,3,4,47,2,4,2,8,0,0,74.13,6,1
20260123,3,5,47,2,5,2,8,1,1,73.61,8,1
20260123,4,1,34,2,5,1,10,1,0,71.88,7,1
20260123,4,2,40,1,5,1,10,1,0,73.72,7,1
20260123,4,3,42,2,5,2,10,4,2,72.8,5,2
20260123,4,4,49,3,4,2,10,0,0,75.43,7,0
20260123,4,5,49,3,6,3,9,1,0,76.4,10,0
20260123,5,1,47,2,6,2,12,1,1,72.71,6,2
20260123,5,2,47,3,5,1,11,0,1,71.4,7,1
20260123,5,3,43,2,5,2,15,3,1,75.42,6,2
20260123,5,4,56,2,5,2,9,1,0,77.44,8,1
20260123,5,5,49,2,6,3,10,1,0,77.48,9,1
20260124,1,1,24,1,3,0,4,0,1,66.54,4,2
20260124,1,2,27,1,4,1,6,1,1,65.89,3,1
20260124,1,3,33,0,3,1,8,3,2,69.1,2,1
20260124,1,4,42,1,5,1,5,0,0,69.1,4,1
20260124,1,5,35,1,3,2,3,1,1,72.01,5,1
20260124,2,1,36,2,4,2,4,2,1,65.13,6,2
20260124,2,2,40,0,3,2,6,2,1,70.75,3,2
20260124,2,3,38,0,3,1,9,3,1,73.38,3,2
20260124,2,4,42,1,3,2,5,1,1,73.62,4,1
20260124,2,5,39,2,3,2,6,2,1,71.36,6,1
20260124,3,1,32,2,4,1,9,2,1,69.49,5,1
20260124,3,2,34,1,3,1,6,1,0,70.98,4,1
20260124,3,3,42,1,3,2,10,3,1,72.74,4,1
20260124,3,4,47,2,3,2,7,1,1,75.22,6,0
20260124,3,5,48,2,4,2,8,2,0,74.82,7,1
20260124,4,1,43,1,2,1,9,1,0,74.06,5,1
20260124,4,2,43,1,4,1,9,0,0,73.67,7,1
20260124,4,3,44,1,5,2,11,3,2,75.91,7,1
20260124,4,4,50,1,5,2,8,1,1,75.42,7,0
20260124,4,5,52,1,3,2,10,2,0,79.55,8,0
20260124,5,1,42,2,3,2,11,1,0,71.86,7,2
20260124,5,2,41,2,5,2,11,1,0,72.0,6,2
20260124,5,3,52,1,4,2,13,3,2,75.62,5,2
20260124,5,4,57,1,5,2,11,2,1,77.6,7,1
20260124,5,5,54,2,5,2,9,1,1,76.98,8,1
20260125,1,1,28,1,3,1,4,2,1,67.18,3,1
20260125,1,2,34,1,4,2,5,1,1,67.8,2,1
20260125,1,3,38,0,3,1,7,3,2,68.69,2,1
20260125,1,4,34,2,4,2,4,1,1,70.14,3,1
20260125,1,5,35,2,5,2,3,1,1,71.77,6,1
20260125,2,1,31,1,2,1,5,2,0,67.59,3,1
20260125,2,2,31,1,4,1,7,1,0,67.96,5,1
20260125,2,3,33,0,3,1,9,4,2,73.63,3,2
20260125,2,4,37,1,3,2,7,2,0,71.25,4,1
20260125,2,5,41,1,3,2,4,0,0,73.18,7,1
20260125,3,1,41,0,3,1,8,1,1,70.9,6,1
20260125,3,2,37,1,3,1,6,2,0,70.32,4,1
20260125,3,3,44,1,3,1,9,3,2,72.54,6,1
20260125,3,4,45,1,5,1,6,2,1,74.66,4,1
20260125,3,5,47,1,4,2,6,0,0,75.95,6,1
20260125,4,1,45,0,5,1,9,2,0,73.64,6,1
20260125,4,2,45,1,3,2,9,1,1,73.84,5,1
20260125,4,3,43,2,3,2,12,3,1,72.63,5,1
20260125,4,4,50,2,4,2,8,1,0,73.7,7,1
20260125,4,5,54,1,5,2,8,1,1,77.44,9,0
20260125,5,1,42,2,3,1,10,1,0,73.52,8,2
20260125,5,2,48,1,3,2,10,0,1,76.05,7,1
20260125,5,3,49,2,4,2,13,4,2,75.19,8,2
20260125,5,4,46,1,5,2,11,0,1,77.2,5,1
20260125,5,5,53,1,5,2,11,1,1,77.71,8,1
20260126,1,1,24,1,4,1,4,2,0,66.66,4,2
20260126,1,2,30,1,4,2,3,1,0,67.21,4,1
20260126,1,3,36,1,4,1,8,4,2,69.08,3,1
20260126,1,4,43,1,3,2,2,2,0,69.96,2,1
20260126,1,5,40,1,5,2,3,1,1,71.49,4,1
20260126,2,1,34,1,5,1,4,1,1,67.88,3,2
20260126,2,2,38,1,5,1,6,1,1,69.34,5,1
20260126,2,3,37,1,3,2,8,3,1,72.24,3,1
20260126,2,4,40,2,5,1,6,1,0,70.09,4,1
20260126,2,5,43,2,5,2,4,0,0,71.58,7,1
20260126,3,1,33,2,5,1,5,2,0,69.07,7,2
20260126,3,2,38,1,5,1,9,1,0,69.7,6,1
20260126,3,3,42,2,6,2,9,4,1,69.74,6,1
20260126,3,4,45,2,5,2,7,0,0,74.64,5,1
20260126,3,5,48,2,5,3,7,1,1,75.87,8,1
20260126,4,1,38,2,5,1,11,1,1,71.28,7,2
20260126,4,2,46,1,5,1,11,1,1,71.74,7,1
20260126,4,3,44,3,5,2,11,2,2,71.6,6,2
20260126,4,4,53,2,6,2,9,0,1,75.76,7,1
20260126,4,5,50,3,6,3,10,1,1,74.97,8,1
20260126,5,1,47,2,4,1,9,1,1,74.1,6,2
20260126,5,2,48,2,4,1,11,2,1,75.5,8,1
20260126,5,3,52,2,5,2,13,3,2,76.53,6,2
20260126,5,4,48,3,7,3,9,2,1,75.63,8,2
20260126,5,5,60,2,6,2,10,1,0,76.62,8,2
20260127,1,1,25,1,3,1,4,1,0,67.15,3,2
20260127,1,2,35,1,4,1,6,1,1,66.75,4,1
20260127,1,3,34,1,3,1,8,4,2,70.04,3,1
20260127,1,4,33,1,5,2,5,1,1,69.05,2,0
20260127,1,5,38,1,5,2,6,2,1,72.32,4,1
20260127,2,1,34,1,4,1,8,1,1,67.17,4,2
20260127,2,2,40,1,4,1,4,0,0,68.19,5,1
20260127,2,3,41,2,4,2,9,4,1,69.21,6,2
20260127,2,4,46,2,4,2,6,1,0,70.12,4,1
20260127,2,5,41,2,5,2,7,0,0,73.28,7,1
20260127,3,1,40,2,3,1,9,0,0,69.51,5,2
20260127,3,2,40,2,6,1,8,1,0,70.9,6,1
20260127,3,3,37,2,5,2,11,4,2,70.28,4,2
20260127,3,4,46,2,6,2,5,2,1,74.3,5,1
20260127,3,5,50,3,5,2,5,1,0,72.03,7,1
20260127,4,1,39,1,4,2,10,0,1,70.57,6,1
20260127,4,2,45,2,4,2,9,1,0,73.05,5,1
20260127,4,3,49,2,5,2,12,3,2,74.45,7,1
20260127,4,4,47,2,4,2,9,0,1,74.14,6,1
20260127,4,5,51,2,5,3,9,0,0,77.73,9,1
20260127,5,1,41,1,3,1,9,1,0,74.96,6,2
20260127,5,2,44,1,5,1,11,0,0,74.79,5,1
20260127,5,3,47,2,5,2,14,3,2,76.87,6,1
20260127,5,4,55,2,6,2,11,0,0,75.5,7,1
20260127,5,5,59,3,6,2,11,2,0,77.91,10,1
20260128,1,1,27,1,2,0,2,2,1,66.01,4,1
20260128,1,2,31,1,5,1,3,1,1,65.54,3,0
20260128,1,3,37,2,4,2,7,3,2,69.16,3,1
20260128,1,4,39,2,5,2,5,1,1,68.36,4,1
20260128,1,5,41,2,5,2,4,1,1,70.33,5,0
20260128,2,1,37,1,4,1,7,1,1,66.38,4,1
20260128,2,2,34,1,3,2,5,1,1,70.28,3,1
20260128,2,3,41,2,5,2,10,4,2,70.85,5,2
20260128,2,4,44,2,4,1,6,0,0,73.49,4,1
20260128,2,5,39,1,6,2,4,1,1,71.48,5,1
20260128,3,1,38,1,3,1,7,1,0,71.82,4,1
20260128,3,2,41,2,5,2,9,1,1,71.34,4,0
20260128,3,3,43,2,6,2,8,2,2,72.6,7,1
20260128,3,4,42,2,5,2,6,1,0,71.81,6,1
20260128,3,5,47,2,4,2,7,1,0,74.5,8,1
20260128,4,1,42,1,5,1,8,1,0,71.43,5,2
20260128,4,2,46,2,3,1,7,1,1,71.57,6,1
20260128,4,3,42,1,6,2,12,4,1,74.63,6,1
20260128,4,4,49,2,5,2,9,1,1,76.58,5,1
20260128,4,5,51,3,6,2,8,1,1,75.91,9,1
20260128,5,1,47,2,4,1,9,1,1,74.07,6,2
20260128,5,2,44,1,5,2,12,0,0,76.08,7,1
20260128,5,3,52,2,6,1,12,3,2,74.99,6,2
20260128,5,4,48,2,6,2,12,1,1,77.0,8,1
20260128,5,5,55,3,5,2,12,1,1,78.48,9,1
20260129,1,1,27,1,4,1,2,1,1,64.69,2,2
20260129,1,2,32,1,3,1,4,1,0,67.19,3,1
20260129,1,3,34,2,4,2,8,2,1,68.8,3,2
20260129,1,4,42,1,3,2,5,2,0,72.42,4,1
20260129,1,5,36,2,3,1,4,2,0,71.59,7,0
20260129,2,1,34,1,5,2,5,1,1,66.23,4,2
20260129,2,2,35,2,4,2,7,1,1,68.92,6,1
20260129,2,3,38,1,4,2,8,4,2,70.61,3,2
20260129,2,4,42,2,5,2,6,2,1,71.45,6,1
20260129,2,5,45,1,5,2,6,1,0,73.84,5,1
20260129,3,1,41,1,5,1,5,1,0,70.58,6,1
20260129,3,2,43,2,4,1,9,0,1,70.48,7,1
20260129,3,3,39,1,4,1,9,3,1,72.49,5,1
20260129,3,4,46,2,4,1,7,1,0,73.16,5,1
20260129,3,5,43,2,6,2,7,1,0,72.95,6,1
20260129,4,1,39,2,4,1,10,0,1,71.92,5,1
20260129,4,2,46,1,4,1,9,0,1,73.23,7,1
20260129,4,3,46,2,6,2,10,3,2,72.58,8,1
20260129,4,4,53,2,5,2,8,1,1,75.5,6,0
20260129,4,5,54,2,5,2,7,0,1,75.9,8,1
20260129,5,1,49,1,5,1,10,1,1,72.93,8,2
20260129,5,2,46,2,4,2,11,0,1,75.99,7,1
20260129,5,3,54,2,6,2,15,3,1,73.65,8,2
20260129,5,4,54,2,6,3,10,0,1,77.3,6,1
20260129,5,5,60,2,5,2,10,2,0,77.21,9,1
20260130,1,1,32,1,4,1,3,2,1,65.22,3,2
20260130,1,2,31,2,4,1,4,1,1,67.53,4,0
20260130,1,3,31,1,3,1,6,3,2,68.51,4,2
20260130,1,4,40,2,4,2,4,2,1,71.22,3,1
20260130,1,5,40,2,4,2,4,1,1,72.5,5,1
20260130,2,1,32,1,3,1,4,1,0,69.47,6,2
20260130,2,2,31,1,3,1,6,0,1,71.23,4,1
20260130,2,3,37,1,3,1,8,2,2,72.68,5,2
20260130,2,4,43,2,5,2,4,0,0,70.6,6,1
20260130,2,5,40,2,5,2,6,0,1,72.98,6,1
20260130,3,1,32,2,3,1,8,0,0,70.78,7,1
20260130,3,2,38,2,5,1,7,0,0,70.86,4,1
20260130,3,3,39,2,5,1,10,4,2,71.1,6,1
20260130,3,4,43,2,6,2,7,2,1,71.65,5,1
20260130,3,5,46,1,5,2,6,1,1,76.96,6,0
20260130,4,1,37,2,5,1,10,1,1,71.38,6,1
20260130,4,2,48,2,4,1,9,1,0,71.86,5,1
20260130,4,3,43,2,4,2,14,3,2,73.06,5,2
20260130,4,4,47,1,4,2,8,0,1,77.48,4,0
20260130,4,5,48,2,6,2,8,1,0,74.7,9,1
20260130,5,1,39,2,4,2,9,2,0,72.18,8,2
20260130,5,2,51,3,6,2,12,0,0,74.55,8,1
20260130,5,3,48,2,5,3,12,2,2,74.4,7,2
20260130,5,4,50,2,6,3,12,2,1,75.62,6,1
20260130,5,5,57,2,6,3,11,1,1,78.04,8,1
20260131,1,1,32,1,3,1,4,2,1,65.03,3,1
20260131,1,2,36,1,3,2,4,2,0,68.13,2,0
20260131,1,3,34,1,4,1,8,3,2,69.02,4,1
20260131,1,4,37,0,3,2,4,0,1,71.9,3,1
20260131,1,5,45,0,2,1,3,0,0,73.24,6,1
20260131,2,1,31,1,4,2,7,1,1,66.33,4,2
20260131,2,2,39,1,3,1,6,1,1,71.14,3,1
20260131,2,3,36,1,3,2,10,4,2,71.31,5,2
20260131,2,4,38,2,4,1,5,1,0,72.23,4,2
20260131,2,5,39,2,5,2,5,1,0,73.85,7,1
20260131,3,1,31,1,4,1,9,1,1,70.72,5,2
20260131,3,2,45,1,3,1,6,0,1,72.03,6,0
20260131,3,3,38,1,2,2,10,3,1,75.47,4,1
20260131,3,4,47,1,3,2,6,2,0,73.72,4,1
20260131,3,5,48,1,5,2,6,0,1,76.5,7,1
20260131,4,1,45,1,4,2,8,0,0,70.53,5,2
20260131,4,2,43,2,5,2,9,1,0,73.72,6,1
20260131,4,3,48,1,4,2,11,3,2,75.94,5,2
20260131,4,4,45,1,4,3,8,2,0,76.81,5,1
20260131,4,5,54,2,3,2,11,1,1,76.03,7,1
20260131,5,1,42,1,3,2,10,0,1,75.35,6,2
20260131,5,2,51,1,3,1,12,1,1,76.15,5,1
20260131,5,3,47,2,3,2,15,3,1,75.11,6,2
20260131,5,4,51,1,5,2,9,1,0,76.57,7,1
20260131,5,5,57,2,5,3,11,2,0,77.91,7,1
20260201,1,1,34,1,4,1,5,1,1,68.19,3,1
20260201,1,2,36,0,4,2,7,1,0,68.28,2,1
20260201,1,3,38,0,3,1,11,3,0,70.16,2,1
20260201,1,4,38,1,3,1,7,2,0,69.72,3,1
20260201,1,5,44,2,3,2,8,2,0,73.28,6,1
20260201,2,1,37,1,4,1,7,2,1,67.77,5,2
20260201,2,2,36,1,4,1,8,1,1,71.69,3,1
20260201,2,3,45,1,4,2,11,3,0,70.45,3,1
20260201,2,4,38,2,4,2,8,1,0,72.3,6,1
20260201,2,5,51,1,3,1,9,1,0,74.92,7,1
20260201,3,1,36,1,4,1,9,1,1,68.65,6,1
20260201,3,2,38,1,3,1,7,2,1,73.83,4,0
20260201,3,3,47,1,4,1,11,3,0,73.24,5,1
20260201,3,4,50,1,5,2,8,1,1,75.18,6,1
20260201,3,5,53,1,4,2,10,2,1,74.93,7,1
20260201,4,1,42,1,3,2,9,1,1,71.29,5,1
20260201,4,2,45,2,4,2,12,2,0,72.74,7,1
20260201,4,3,47,1,5,2,14,3,1,73.95,7,2
20260201,4,4,51,1,4,2,11,2,1,75.75,4,1
20260201,4,5,55,2,5,2,10,1,1,76.05,8,1
20260201,5,1,50,0,4,2,14,1,1,76.52,6,1
20260201,5,2,48,2,3,2,14,2,0,74.44,7,1
20260201,5,3,54,1,4,2,15,3,1,78.73,6,2
20260201,5,4,60,2,3,2,13,1,1,78.97,6,1
20260201,5,5,59,1,4,3,12,2,0,78.34,7,1
20260202,1,1,29,2,3,1,6,2,0,65.22,4,1
20260202,1,2,33,1,4,1,4,1,1,66.24,4,1
20260202,1,3,33,1,3,1,11,4,1,69.76,3,1
20260202,1,4,39,2,5,2,8,2,0,67.92,4,1
20260202,1,5,38,1,5,2,7,1,1,73.24,5,1
20260202,2,1,39,1,4,1,7,1,0,70.26,5,2
20260202,2,2,33,1,3,2,7,1,1,69.75,5,1
20260202,2,3,40,2,5,2,12,4,1,69.27,4,1
20260202,2,4,44,2,5,2,6,2,0,72.13,5,1
20260202,2,5,43,2,4,2,6,1,1,73.94,5,1
20260202,3,1,41,1,5,2,10,1,0,69.82,6,1
20260202,3,2,38,2,5,1,10,2,1,71.72,6,1
20260202,3,3,43,2,5,2,13,4,1,73.12,5,1
20260202,3,4,43,1,5,2,10,1,0,75.68,6,1
20260202,3,5,44,1,5,2,11,1,0,76.56,8,1
20260202,4,1,43,1,4,1,11,1,1,73.72,6,1
20260202,4,2,46,1,5,2,12,2,0,75.18,5,1
20260202,4,3,50,2,6,2,15,3,1,73.06,7,1
20260202,4,4,53,3,6,1,12,1,1,74.12,8,1
20260202,4,5,57,3,6,2,11,2,1,75.37,9,1
20260202,5,1,48,1,5,1,11,2,1,75.26,7,2
20260202,5,2,48,1,4,2,11,1,0,76.65,7,1
20260202,5,3,54,2,6,3,14,4,1,76.64,8,1
20260202,5,4,60,2,4,3,13,2,1,78.07,7,1
20260202,5,5,54,2,6,3,13,1,1,79.47,9,1
20260203,1,1,36,1,3,1,5,1,0,66.9,4,1
20260203,1,2,29,1,4,1,7,2,0,68.03,4,1
20260203,1,3,38,1,3,2,10,3,1,67.96,4,1
20260203,1,4,43,1,4,2,7,2,0,71.75,5,1
20260203,1,5,39,2,4,2,7,1,0,70.38,5,1
20260203,2,1,39,1,5,1,7,1,1,69.84,3,2
20260203,2,2,43,1,5,1,7,2,1,69.82,6,1
20260203,2,3,41,1,3,2,9,3,0,72.89,5,2
20260203,2,4,41,1,4,2,6,1,0,74.29,4,1
20260203,2,5,44,2,5,2,6,2,1,73.8,6,1
20260203,3,1,41,2,4,1,8,2,1,67.98,6,1
20260203,3,2,38,1,4,1,10,1,0,71.27,6,1
20260203,3,3,39,2,6,2,11,4,0,72.56,5,2
20260203,3,4,47,2,5,2,9,2,1,72.4,7,1
20260203,3,5,48,2,6,2,9,2,1,73.4,6,1
20260203,4,1,39,1,4,2,9,2,1,73.09,5,1
20260203,4,2,48,1,6,2,11,1,1,74.73,7,1
20260203,4,3,46,2,6,2,13,3,0,74.57,7,1
20260203,4,4,46,2,5,2,12,2,1,75.62,7,1
20260203,4,5,54,3,6,2,10,2,1,76.73,9,1
20260203,5,1,49,1,5,2,14,2,1,74.38,7,2
20260203,5,2,51,3,5,1,11,2,1,75.57,7,1
20260203,5,3,50,1,6,2,15,4,0,75.92,6,1
20260203,5,4,57,2,5,2,14,2,1,75.92,7,1
20260203,5,5,57,2,6,2,12,1,1,77.61,8,1
20260204,1,1,32,0,4,1,4,1,0,68.13,2,1
20260204,1,2,32,1,3,2,4,1,1,67.05,3,1
20260204,1,3,36,2,3,1,7,3,1,70.56,3,1
20260204,1,4,40,2,4,1,6,2,1,69.64,5,1
20260204,1,5,43,2,5,2,4,1,0,69.93,6,1
20260204,2,1,32,2,3,2,8,1,0,67.82,6,2
20260204,2,2,34,1,3,2,9,2,0,71.42,3,1
20260204,2,3,44,2,4,1,12,4,1,69.8,4,1
20260204,2,4,49,2,4,2,6,1,0,71.32,5,1
20260204,2,5,45,2,5,2,7,1,0,72.63,6,1
20260204,3,1,34,1,3,2,8,1,1,69.33,4,2
20260204,3,2,40,1,3,1,9,2,0,73.39,5,1
20260204,3,3,45,2,5,1,12,4,0,73.29,4,1
20260204,3,4,52,2,4,2,11,1,1,73.45,6,1
20260204,3,5,47,2,4,2,9,1,1,76.79,8,1
20260204,4,1,47,1,5,2,9,1,1,72.08,4,1
20260204,4,2,48,1,3,2,12,2,1,73.9,6,1
20260204,4,3,53,1,5,2,15,3,0,73.93,5,1
20260204,4,4,53,3,6,2,12,1,0,73.41,7,1
20260204,4,5,50,2,5,2,9,2,1,76.34,9,1
20260204,5,1,43,2,5,1,12,2,0,71.92,7,2
20260204,5,2,51,2,5,2,11,2,1,73.66,8,1
20260204,5,3,57,2,6,2,16,3,1,75.4,7,2
20260204,5,4,56,2,6,2,11,2,1,78.23,6,1
20260204,5,5,60,2,7,2,11,1,1,77.35,9,1
20260205,1,1,34,0,3,1,5,2,0,66.46,2,2
20260205,1,2,40,1,4,1,7,2,0,66.52,4,1
20260205,1,3,39,1,3,1,7,4,0,71.78,5,1
20260205,1,4,43,1,5,1,6,2,1,69.69,3,0
20260205,1,5,38,2,5,1,7,1,0,71.54,7,0
20260205,2,1,40,0,4,1,8,1,1,69.24,5,2
20260205,2,2,34,1,3,1,9,1,1,69.23,5,2
20260205,2,3,45,2,3,2,11,4,0,71.55,4,2
20260205,2,4,42,1,6,2,9,2,1,70.77,3,2
20260205,2,5,43,2,4,2,8,2,1,72.04,7,2
20260205,3,1,37,1,5,1,9,1,1,71.1,5,2
20260205,3,2,40,2,5,1,9,1,1,71.12,6,1
20260205,3,3,46,2,5,2,13,4,0,70.46,7,1
20260205,3,4,48,3,6,1,8,2,1,73.9,6,0
20260205,3,5,54,3,6,2,10,1,0,75.66,8,1
20260205,4,1,37,2,4,2,11,1,1,72.93,5,1
20260205,4,2,41,1,5,2,9,1,1,74.54,6,1
20260205,4,3,47,2,6,2,13,3,1,72.22,7,1
20260205,4,4,46,3,6,2,11,2,1,74.51,7,1
20260205,4,5,50,3,5,3,9,1,1,75.09,8,1
20260205,5,1,47,2,5,2,12,2,1,72.04,8,2
20260205,5,2,46,1,4,2,14,1,0,76.15,5,1
20260205,5,3,55,2,5,2,13,3,1,76.48,7,2
20260205,5,4,50,2,7,2,12,1,0,75.95,8,1
20260205,5,5,63,3,5,2,13,1,1,77.09,10,1
20260206,1,1,33,2,3,1,6,2,0,67.07,5,2
20260206,1,2,37,2,3,2,6,2,1,69.08,4,1
20260206,1,3,36,1,5,1,10,4,0,68.43,4,1
20260206,1,4,37,2,4,2,4,2,1,71.87,5,0
20260206,1,5,39,1,5,1,5,1,0,71.33,6,1
20260206,2,1,35,1,5,1,6,1,1,66.82,5,2
20260206,2,2,42,2,3,1,9,2,0,70.44,5,1
20260206,2,3,45,2,5,2,11,3,1,68.56,6,2
20260206,2,4,40,2,3,2,7,1,1,73.04,6,1
20260206,2,5,42,2,6,2,9,1,0,72.32,8,1
20260206,3,1,41,1,4,1,8,1,1,70.18,4,1
20260206,3,2,41,2,4,1,9,1,1,73.06,6,1
20260206,3,3,46,1,3,2,11,4,1,74.02,5,1
20260206,3,4,51,1,6,2,10,1,0,74.09,5,1
20260206,3,5,47,2,5,2,9,1,1,75.68,6,1
20260206,4,1,44,1,6,2,12,2,0,70.62,5,1
20260206,4,2,50,1,6,1,11,1,1,74.83,5,1
20260206,4,3,54,1,4,2,13,4,0,75.14,5,2
20260206,4,4,56,2,4,2,9,2,1,77.5,7,1
20260206,4,5,54,2,5,2,11,2,0,76.16,8,0
20260206,5,1,47,2,4,2,13,1,0,74.11,8,2
20260206,5,2,55,2,4,2,13,1,1,76.09,8,1
20260206,5,3,51,2,4,2,15,3,1,76.25,6,2
20260206,5,4,51,3,7,2,14,2,1,74.46,7,1
20260206,5,5,55,3,5,3,13,1,0,79.62,9,1
20260207,1,1,28,1,4,1,6,1,1,68.68,3,2
20260207,1,2,32,1,4,2,6,1,1,69.88,3,1
20260207,1,3,38,1,2,2,9,4,1,71.59,4,1
20260207,1,4,41,2,3,1,6,2,1,69.16,5,1
20260207,1,5,39,1,4,1,6,2,0,71.97,6,1
20260207,2,1,36,0,4,1,9,2,0,71.38,4,2
20260207,2,2,39,0,3,1,6,1,1,70.19,4,1
20260207,2,3,45,1,3,1,9,4,0,72.93,4,2
20260207,2,4,49,2,3,1,6,2,1,71.17,6,2
20260207,2,5,47,1,4,1,8,2,0,73.22,5,1
20260207,3,1,36,2,2,1,8,1,1,72.29,5,1
20260207,3,2,47,1,4,1,10,1,1,72.05,4,0
20260207,3,3,47,2,3,2,12,4,0,74.17,7,1
20260207,3,4,52,1,4,2,10,2,1,75.4,5,1
20260207,3,5,46,1,3,2,9,1,1,77.53,8,1
20260207,4,1,38,1,3,2,10,1,1,72.55,6,1
20260207,4,2,44,0,3,2,12,2,1,75.0,5,1
20260207,4,3,44,1,4,2,15,3,1,75.38,6,1
20260207,4,4,49,1,5,2,13,1,0,75.63,5,1
20260207,4,5,55,1,5,3,13,2,0,79.29,7,1
20260207,5,1,51,0,4,1,11,2,1,75.0,6,2
20260207,5,2,50,1,4,2,13,1,1,77.84,5,1
20260207,5,3,53,1,3,1,14,3,1,78.03,5,1
20260207,5,4,59,1,5,3,14,2,0,79.59,5,2
20260207,5,5,53,1,5,3,11,1,0,79.92,7,1
20260208,1,1,35,1,4,1,6,0,1,67.27,4,2
20260208,1,2,33,1,3,1,5,0,1,70.18,4,1
20260208,1,3,35,0,4,1,7,3,1,69.77,2,1
20260208,1,4,42,1,4,2,5,1,0,71.26,5,0
20260208,1,5,42,2,4,2,7,0,0,70.63,5,1
20260208,2,1,37,0,4,1,6,2,0,68.19,4,2
20260208,2,2,36,2,2,1,6,1,1,68.68,4,1
20260208,2,3,43,1,3,1,10,3,1,72.32,4,2
20260208,2,4,46,2,3,1,6,0,0,71.5,4,1
20260208,2,5,49,1,3,2,9,0,0,76.12,6,1
20260208,3,1,41,1,2,1,10,1,0,73.15,4,1
20260208,3,2,38,1,5,1,7,1,0,70.98,4,0
20260208,3,3,47,2,4,2,12,3,0,71.43,6,1
20260208,3,4,53,2,4,1,8,0,0,75.44,5,1
20260208,3,5,56,1,4,2,7,1,1,78.15,7,1
20260208,4,1,47,1,3,2,12,0,1,74.37,6,1
20260208,4,2,46,1,4,2,10,1,0,75.88,6,1
20260208,4,3,53,2,5,2,16,3,0,75.13,7,1
20260208,4,4,51,2,4,1,11,1,1,76.35,6,1
20260208,4,5,57,1,5,2,11,1,0,80.07,8,1
20260208,5,1,45,1,4,1,10,1,1,73.38,6,2
20260208,5,2,51,0,3,2,11,2,1,78.46,5,1
20260208,5,3,50,2,3,2,14,3,1,76.67,8,2
20260208,5,4,54,2,3,2,12,1,1,79.33,6,1
20260208,5,5,60,1,3,2,12,0,1,81.55,8,1
20260209,1,1,37,1,3,1,5,2,1,67.31,3,1
20260209,1,2,34,0,4,2,6,1,1,68.51,2,1
20260209,1,3,34,1,4,1,10,3,0,68.29,4,2
20260209,1,4,40,1,3,2,6,1,0,70.92,3,1
20260209,1,5,39,2,5,2,4,0,0,72.44,6,1
20260209,2,1,38,2,3,1,9,0,1,69.2,4,1
20260209,2,2,40,1,3,1,7,1,1,69.32,3,1
20260209,2,3,47,2,5,2,12,3,1,70.99,5,2
20260209,2,4,41,2,5,1,8,1,1,71.56,5,2
20260209,2,5,47,2,4,2,6,1,1,72.22,6,1
20260209,3,1,34,1,4,2,10,0,1,72.49,5,2
20260209,3,2,40,2,4,2,9,1,1,71.03,4,1
20260209,3,3,44,2,4,2,13,3,1,72.21,5,2
20260209,3,4,50,2,5,2,9,2,1,74.16,4,1
20260209,3,5,56,2,5,2,7,2,0,74.12,6,1
20260209,4,1,43,2,6,2,12,0,1,70.05,7,2
20260209,4,2,45,1,5,1,12,0,1,74.6,7,1
20260209,4,3,47,2,5,2,14,3,0,74.35,6,1
20260209,4,4,48,3,6,2,11,1,1,73.75,8,1
20260209,4,5,53,2,6,2,9,1,1,77.73,8,1
20260209,5,1,48,2,4,2,13,0,0,73.66,7,1
20260209,5,2,45,2,4,1,11,1,0,74.68,8,2
20260209,5,3,50,2,4,2,17,2,1,78.19,8,2
20260209,5,4,54,2,6,2,12,2,0,76.03,6,1
20260209,5,5,56,3,5,2,13,2,1,80.03,9,1
20260210,1,1,37,2,4,1,4,2,1,66.6,4,1
20260210,1,2,36,2,3,1,4,1,1,67.85,4,1
20260210,1,3,43,1,3,2,10,3,1,70.9,4,1
20260210,1,4,36,2,5,1,6,0,1,71.83,5,1
20260210,1,5,40,1,3,1,6,0,1,74.9,6,1
20260210,2,1,42,0,4,1,6,0,0,68.41,3,2
20260210,2,2,36,1,4,1,6,0,0,70.81,4,1
20260210,2,3,40,2,4,2,12,4,0,71.55,5,2
20260210,2,4,47,2,3,2,8,1,0,71.78,4,2
20260210,2,5,44,2,4,2,9,0,1,74.71,7,1
20260210,3,1,35,1,3,1,9,1,0,70.7,5,1
20260210,3,2,46,1,3,1,8,1,0,72.3,5,1
20260210,3,3,40,2,6,2,14,4,1,73.23,5,2
20260210,3,4,47,2,5,2,7,0,0,74.95,6,1
20260210,3,5,56,2,5,2,9,0,0,76.53,8,0
20260210,4,1,38,2,5,1,10,1,0,71.52,7,1
20260210,4,2,48,2,5,2,9,1,0,72.3,5,1
20260210,4,3,48,2,6,2,15,3,0,75.88,6,1
20260210,4,4,50,1,4,2,10,2,0,77.87,5,1
20260210,4,5,50,2,4,2,12,1,0,78.78,7,1
20260210,5,1,44,1,5,2,12,1,1,74.01,5,2
20260210,5,2,50,1,4,2,14,1,1,77.75,5,1
20260210,5,3,56,2,5,2,15,4,1,75.43,6,2
20260210,5,4,60,2,6,3,12,1,1,77.84,6,1
20260210,5,5,62,2,6,2,14,0,0,80.87,8,1
20260211,1,1,33,1,3,1,7,1,0,67.48,4,1
20260211,1,2,33,2,3,1,5,1,0,68.02,5,0
20260211,1,3,35,2,5,1,8,3,1,69.53,4,1
20260211,1,4,40,2,5,1,6,1,0,70.79,3,1
20260211,1,5,41,1,3,2,8,1,1,74.31,6,1
20260211,2,1,31,1,3,1,9,1,0,67.9,4,2
20260211,2,2,44,1,5,2,9,1,0,70.33,5,1
20260211,2,3,46,2,4,2,12,2,1,70.56,5,2
20260211,2,4,44,2,4,2,6,0,1,74.08,6,1
20260211,2,5,52,2,4,2,7,1,1,74.4,8,1
20260211,3,1,38,1,4,2,9,2,1,70.34,4,1
20260211,3,2,39,2,5,2,8,1,1,71.65,4,1
20260211,3,3,41,1,4,2,11,4,1,74.89,6,1
20260211,3,4,44,1,6,2,7,2,1,74.92,6,0
20260211,3,5,55,1,4,3,9,1,1,77.92,6,0
20260211,4,1,46,2,4,1,10,2,1,73.16,5,1
20260211,4,2,42,2,5,1,11,0,1,73.53,7,1
20260211,4,3,47,3,5,2,15,3,1,74.41,8,1
20260211,4,4,53,1,4,2,12,1,0,76.23,6,1
20260211,4,5,52,2,6,3,12,1,0,75.57,8,0
20260211,5,1,43,2,4,1,13,1,1,74.89,6,2
20260211,5,2,47,2,5,2,12,1,1,73.78,6,1
20260211,5,3,55,2,6,2,16,2,1,75.73,6,2
20260211,5,4,58,3,5,3,12,1,0,76.33,8,2
20260211,5,5,61,2,6,2,12,1,1,79.02,10,1
20260212,1,1,35,1,4,1,6,1,0,66.25,4,2
20260212,1,2,37,1,4,1,7,1,0,69.55,5,1
20260212,1,3,39,2,4,1,8,2,1,70.71,3,2
20260212,1,4,46,1,3,2,8,0,0,73.5,2,1
20260212,1,5,44,1,4,1,7,0,0,71.96,6,1
20260212,2,1,32,2,3,1,6,1,1,68.46,3,2
20260212,2,2,40,1,5,2,6,1,0,69.58,4,1
20260212,2,3,39,1,4,2,10,3,0,73.74,4,2
20260212,2,4,49,2,4,1,7,1,0,73.08,4,1
20260212,2,5,53,2,4,2,8,1,0,75.27,8,1
20260212,3,1,36,2,4,1,8,1,1,71.21,6,1
20260212,3,2,46,1,4,1,8,1,1,72.47,4,1
20260212,3,3,48,2,5,1,13,3,1,73.11,7,2
20260212,3,4,44,1,5,2,10,0,1,74.01,5,1
20260212,3,5,46,2,4,2,9,1,1,75.8,7,1
20260212,4,1,41,2,5,1,11,1,1,70.77,6,1
20260212,4,2,48,2,5,1,11,2,1,74.35,7,0
20260212,4,3,49,2,4,2,12,2,1,74.48,5,2
20260212,4,4,52,2,4,2,9,1,1,75.67,7,1
20260212,4,5,52,3,6,2,10,1,0,75.68,9,1
20260212,5,1,42,1,5,1,11,0,1,75.27,7,2
20260212,5,2,53,2,4,2,14,1,1,74.47,8,2
20260212,5,3,48,3,4,2,17,3,1,74.65,8,2
20260212,5,4,57,2,5,2,13,1,0,78.22,6,1
20260212,5,5,59,3,7,3,14,2,1,79.18,9,1
20260213,1,1,36,1,4,1,5,0,0,67.27,4,2
20260213,1,2,33,1,5,2,5,0,1,66.53,3,1
20260213,1,3,33,1,3,1,8,4,1,69.06,3,1
20260213,1,4,36,2,4,2,8,1,1,72.28,5,1
20260213,1,5,44,2,5,2,7,0,0,73.31,5,1
20260213,2,1,41,1,4,2,6,1,0,67.69,4,2
20260213,2,2,36,2,3,2,9,1,1,71.55,5,2
20260213,2,3,42,2,4,2,11,2,1,71.25,5,1
20260213,2,4,44,1,4,2,6,1,1,71.85,4,1
20260213,2,5,46,2,5,2,7,0,0,74.72,6,1
20260213,3,1,45,2,5,1,9,0,1,69.23,6,1
20260213,3,2,47,1,5,1,7,1,0,71.25,4,1
20260213,3,3,42,2,4,1,13,3,1,73.77,5,1
20260213,3,4,48,2,6,1,10,1,1,73.25,6,1
20260213,3,5,55,3,4,2,9,1,1,73.87,9,1
20260213,4,1,43,1,3,2,9,0,1,73.03,5,1
20260213,4,2,41,2,5,2,9,1,0,73.92,5,1
20260213,4,3,47,2,4,1,15,3,1,75.26,6,2
20260213,4,4,49,2,5,2,10,2,1,77.34,7,1
20260213,4,5,54,3,7,2,9,1,1,77.68,10,1
20260213,5,1,44,2,5,1,12,2,1,73.45,8,2
20260213,5,2,50,1,4,1,14,1,0,75.94,5,1
20260213,5,3,50,2,6,2,15,3,1,77.21,7,2
20260213,5,4,58,3,6,2,11,0,1,75.82,8,2
20260213,5,5,62,3,6,2,11,1,1,78.95,9,1
20260214,1,1,36,1,3,1,6,1,1,68.34,2,1
20260214,1,2,33,1,3,1,6,1,0,70.48,2,1
20260214,1,3,38,0,4,2,9,2,1,69.69,4,2
20260214,1,4,36,1,4,1,6,1,1,71.62,4,1
20260214,1,5,42,1,4,2,6,1,1,72.63,5,1
20260214,2,1,40,2,3,1,8,0,0,70.48,5,1
20260214,2,2,43,1,3,1,7,0,1,70.84,5,1
20260214,2,3,39,1,3,2,11,3,0,70.83,4,2
20260214,2,4,46,1,2,2,6,0,0,75.24,5,1
20260214,2,5,45,2,4,2,9,2,1,74.4,6,1
20260214,3,1,39,0,5,1,11,1,1,70.5,5,2
20260214,3,2,42,0,5,1,10,2,1,73.28,3,0
20260214,3,3,43,1,4,2,11,4,0,74.12,6,1
20260214,3,4,51,2,3,2,10,2,1,74.35,5,0
20260214,3,5,50,1,3,2,11,1,0,75.84,6,0
20260214,4,1,41,1,4,2,11,1,0,74.77,4,1
20260214,4,2,45,1,4,2,10,1,1,73.84,4,1
20260214,4,3,55,1,4,2,13,4,0,75.47,5,2
20260214,4,4,47,2,3,2,10,2,0,78.87,6,1
20260214,4,5,52,2,3,2,12,0,0,80.44,8,0
20260214,5,1,44,2,4,1,12,1,1,74.93,6,2
20260214,5,2,46,2,5,2,12,1,0,76.76,7,1
20260214,5,3,57,1,5,2,14,3,0,77.74,5,2
20260214,5,4,54,2,5,2,13,1,0,78.9,8,1
20260214,5,5,61,2,4,2,13,1,0,79.85,9,1
20260215,1,1,35,1,4,1,5,1,1,66.38,5,2
20260215,1,2,34,1,4,1,6,0,1,70.81,4,1
20260215,1,3,39,0,4,1,11,2,1,73.11,2,1
20260215,1,4,43,2,5,2,4,1,0,71.33,3,1
20260215,1,5,46,1,2,2,7,1,0,75.16,6,1
20260215,2,1,39,1,4,1,6,0,0,70.72,5,1
20260215,2,2,36,1,3,2,9,0,0,71.66,3,2
20260215,2,3,42,1,3,1,10,4,1,73.15,4,2
20260215,2,4,41,1,3,2,7,1,1,72.92,5,1
20260215,2,5,47,1,4,2,6,1,0,75.79,5,1
20260215,3,1,38,1,3,2,10,2,0,72.08,4,1
20260215,3,2,39,2,3,1,11,1,0,72.59,5,1
20260215,3,3,41,2,3,1,11,3,1,75.04,6,1
20260215,3,4,48,2,5,2,10,1,1,73.57,5,1
20260215,3,5,50,1,4,2,9,1,1,78.64,8,0
20260215,4,1,45,1,3,2,11,1,0,74.33,5,1
20260215,4,2,48,1,3,1,12,0,1,75.48,4,1
20260215,4,3,50,1,4,2,15,3,1,75.21,5,1
20260215,4,4,49,1,3,2,11,1,1,76.75,7,1
20260215,4,5,52,2,4,2,9,1,1,78.37,7,1
20260215,5,1,48,2,3,2,11,0,1,74.06,7,2
20260215,5,2,55,1,3,2,12,0,0,76.91,6,2
20260215,5,3,52,2,4,2,16,4,0,77.41,6,2
20260215,5,4,52,1,4,2,11,0,1,80.83,7,1
20260215,5,5,55,2,6,3,13,1,0,81.01,9,1
20260216,1,1,31,1,3,1,7,1,1,67.6,3,2
20260216,1,2,35,2,3,2,8,1,0,69.07,3,1
20260216,1,3,37,1,4,2,8,3,0,69.35,4,2
20260216,1,4,37,1,4,2,7,1,1,70.25,4,1
20260216,1,5,49,2,4,2,5,0,1,71.67,6,1
20260216,2,1,33,1,4,1,9,1,0,68.37,4,1
20260216,2,2,35,1,4,2,7,1,0,69.16,5,1
20260216,2,3,46,2,4,2,12,3,1,70.34,5,2
20260216,2,4,43,2,5,1,8,0,0,72.56,5,1
20260216,2,5,43,2,6,2,6,1,0,73.8,7,1
20260216,3,1,40,2,4,2,9,2,1,70.59,6,2
20260216,3,2,39,2,5,2,10,1,1,70.83,5,1
20260216,3,3,49,2,4,2,11,3,1,74.63,5,1
20260216,3,4,50,1,6,1,8,1,0,74.43,5,1
20260216,3,5,51,2,6,2,9,2,1,74.53,8,0
20260216,4,1,41,1,5,2,12,1,1,72.41,5,1
20260216,4,2,44,1,4,1,12,0,0,73.82,7,1
20260216,4,3,53,2,5,2,15,3,1,74.77,5,1
20260216,4,4,56,1,4,2,12,0,1,76.51,6,1
20260216,4,5,58,2,5,3,12,1,0,76.48,8,0
20260216,5,1,51,2,5,1,14,2,1,75.63,6,2
20260216,5,2,46,2,5,2,14,0,1,74.99,6,1
20260216,5,3,54,2,4,2,16,2,1,78.8,7,2
20260216,5,4,55,2,5,3,14,1,1,77.23,8,1
20260216,5,5,55,2,5,3,14,0,0,80.9,8,1
20260217,1,1,28,2,5,0,5,1,1,65.48,3,2
20260217,1,2,32,2,3,1,8,2,1,67.34,4,1
20260217,1,3,37,1,5,1,10,3,1,71.14,3,2
20260217,1,4,46,1,3,1,8,0,0,71.1,3,1
20260217,1,5,40,1,4,2,5,2,1,73.53,6,1
20260217,2,1,40,1,4,1,8,2,0,71.17,4,1
20260217,2,2,36,1,3,1,9,0,0,71.82,4,1
20260217,2,3,44,2,4,1,9,3,1,70.43,4,2
20260217,2,4,50,1,5,1,9,1,1,74.45,5,1
20260217,2,5,48,1,4,2,9,0,0,75.31,5,1
20260217,3,1,38,2,4,1,11,0,1,70.83,5,2
20260217,3,2,49,1,5,1,7,1,0,73.22,4,1
20260217,3,3,46,2,4,1,14,3,0,72.37,5,1
20260217,3,4,50,2,5,1,11,1,1,74.16,7,1
20260217,3,5,50,3,6,3,9,0,1,72.91,7,1
20260217,4,1,42,2,5,2,9,1,0,73.37,7,2
20260217,4,2,52,1,5,2,10,0,1,73.06,7,1
20260217,4,3,54,1,5,2,12,3,1,77.05,4,1
20260217,4,4,50,1,5,2,11,1,0,78.48,5,0
20260217,4,5,61,3,5,2,13,1,1,75.92,9,1
20260217,5,1,52,2,5,2,11,0,1,74.58,7,2
20260217,5,2,55,2,6,2,12,1,1,74.57,8,1
20260217,5,3,51,2,5,2,17,2,0,78.31,6,2
20260217,5,4,57,3,4,2,13,1,1,77.71,8,2
20260217,5,5,58,3,6,3,14,1,0,79.66,9,1
20260218,1,1,38,1,3,1,5,1,1,68.4,4,2
20260218,1,2,40,1,4,1,4,1,0,70.9,2,1
20260218,1,3,42,2,5,1,10,3,1,68.64,4,1
20260218,1,4,41,2,4,2,5,1,1,70.5,4,1
20260218,1,5,48,2,5,2,6,1,1,71.31,7,0
20260218,2,1,40,1,3,1,6,1,0,70.89,4,2
20260218,2,2,44,2,5,1,6,1,1,70.76,5,1
20260218,2,3,43,1,5,1,9,3,1,72.1,4,2
20260218,2,4,46,1,6,1,9,1,1,72.85,4,1
20260218,2,5,54,2,4,2,8,0,1,75.84,8,1
20260218,3,1,38,2,3,1,8,0,1,72.46,5,1
20260218,3,2,44,1,5,2,10,2,1,73.58,5,1
20260218,3,3,50,1,4,2,14,3,0,76.19,4,2
20260218,3,4,54,1,5,1,11,1,1,75.85,4,1
20260218,3,5,53,2,6,2,9,2,1,76.21,6,1
20260218,4,1,44,1,5,1,11,1,0,72.89,7,1
20260218,4,2,49,1,5,2,12,1,1,74.66,6,1
20260218,4,3,55,1,5,2,14,3,1,77.54,7,1
20260218,4,4,53,2,5,1,11,1,0,75.67,8,1
20260218,4,5,56,3,6,2,11,1,0,75.89,9,1
20260218,5,1,44,1,6,2,14,1,0,75.55,5,2
20260218,5,2,46,2,5,2,12,0,0,74.81,8,1
20260218,5,3,52,3,5,1,16,4,0,76.18,7,2
20260218,5,4,57,2,5,2,14,1,1,80.43,6,1
20260218,5,5,56,2,5,3,14,1,1,81.45,9,1
20260219,1,1,30,1,4,0,4,1,1,69.71,4,1
20260219,1,2,34,1,3,1,8,1,1,71.51,5,1
20260219,1,3,44,1,4,1,7,3,0,70.39,3,2
20260219,1,4,39,1,4,2,8,1,1,72.87,4,0
20260219,1,5,45,2,4,2,6,1,0,72.89,5,1
20260219,2,1,37,1,5,1,7,0,0,68.1,4,2
20260219,2,2,38,2,5,2,8,1,0,71.48,4,1
20260219,2,3,47,2,5,2,11,2,0,70.25,6,1
20260219,2,4,49,2,5,2,6,1,1,74.35,4,2
20260219,2,5,53,2,4,2,6,1,0,76.24,6,1
20260219,3,1,45,1,3,2,10,2,1,73.15,5,2
20260219,3,2,39,1,4,2,11,1,1,74.43,5,0
20260219,3,3,51,2,4,2,12,3,0,75.16,6,1
20260219,3,4,50,2,5,2,9,1,0,75.37,4,1
20260219,3,5,52,2,5,3,8,1,1,75.75,7,1
20260219,4,1,45,1,3,2,12,2,1,73.96,5,2
20260219,4,2,47,1,4,2,9,1,1,74.19,6,1
20260219,4,3,46,2,4,2,15,3,0,75.06,6,2
20260219,4,4,51,3,6,2,10,1,0,74.37,6,0
20260219,4,5,52,2,6,2,12,0,0,78.12,8,0
20260219,5,1,53,1,5,1,12,1,0,77.08,6,1
20260219,5,2,46,1,5,2,14,1,0,75.78,7,1
20260219,5,3,49,2,6,2,16,3,1,76.84,8,2
20260219,5,4,58,2,7,2,14,0,1,77.67,6,1
20260219,5,5,56,3,7,3,12,0,1,77.24,9,1
20260220,1,1,34,1,3,1,5,2,1,68.0,4,1
20260220,1,2,35,1,3,1,7,0,0,68.69,3,1
20260220,1,3,41,2,5,1,10,3,2,68.67,3,1
20260220,1,4,44,1,5,2,6,0,0,72.04,3,1
20260220,1,5,45,1,4,2,5,1,0,74.59,5,0
20260220,2,1,36,2,3,1,7,2,0,70.95,4,2
20260220,2,2,41,2,5,2,9,0,0,71.25,4,1
20260220,2,3,41,2,4,1,9,4,2,73.52,5,2
20260220,2,4,45,2,4,1,8,2,0,73.24,5,1
20260220,2,5,45,2,5,2,8,2,1,75.04,6,1
20260220,3,1,44,1,4,1,8,0,1,73.09,6,1
20260220,3,2,40,2,6,2,9,2,1,72.99,4,0
20260220,3,3,44,2,4,2,13,3,2,73.15,6,2
20260220,3,4,45,2,6,1,11,1,0,76.11,5,1
20260220,3,5,52,3,5,3,7,0,0,75.12,8,0
20260220,4,1,47,2,4,1,11,0,1,73.5,7,1
20260220,4,2,46,2,4,1,11,1,0,75.64,7,1
20260220,4,3,49,2,6,2,14,3,1,76.59,7,1
20260220,4,4,55,2,5,2,12,1,0,75.42,6,0
20260220,4,5,59,3,6,2,9,1,1,77.62,8,1
20260220,5,1,52,2,5,2,11,0,1,73.37,8,1
20260220,5,2,46,3,4,2,11,0,0,74.75,8,1
20260220,5,3,50,3,5,2,14,3,2,74.97,7,1
20260220,5,4,53,2,5,2,14,1,1,77.42,6,1
20260220,5,5,65,2,6,2,13,1,0,79.84,10,1
20260221,1,1,34,1,4,1,7,0,0,67.47,4,1
20260221,1,2,40,0,4,1,4,1,0,70.75,4,1
20260221,1,3,41,1,2,1,10,3,2,71.66,3,2
20260221,1,4,40,2,3,2,4,1,1,71.59,5,1
20260221,1,5,50,1,5,2,4,1,1,71.72,4,1
20260221,2,1,43,1,3,1,9,1,0,70.71,3,1
20260221,2,2,39,0,3,1,7,1,1,72.96,3,1
20260221,2,3,45,1,5,1,12,2,2,71.12,4,2
20260221,2,4,44,1,5,2,7,0,0,72.7,5,1
20260221,2,5,48,1,3,2,8,1,1,75.66,7,1
20260221,3,1,40,1,3,1,8,2,0,73.88,6,2
20260221,3,2,44,1,3,1,8,1,1,75.58,4,1
20260221,3,3,44,2,4,2,10,3,1,74.78,6,1
20260221,3,4,49,1,5,2,8,1,1,76.98,4,0
20260221,3,5,56,1,3,2,8,1,1,76.86,6,1
20260221,4,1,50,1,4,2,11,2,1,72.41,6,2
20260221,4,2,44,2,3,2,10,1,0,73.87,5,0
20260221,4,3,52,2,3,2,15,2,2,76.43,6,2
20260221,4,4,49,1,3,2,11,0,0,80.27,5,1
20260221,4,5,56,1,4,2,11,1,1,79.4,7,1
20260221,5,1,43,1,4,2,14,0,1,74.45,5,1
20260221,5,2,47,1,5,1,13,2,0,76.87,7,1
20260221,5,3,54,1,4,2,14,4,2,78.59,5,2
20260221,5,4,54,1,5,2,11,2,0,78.28,6,1
20260221,5,5,56,2,4,2,13,1,0,81.84,9,1
20260222,1,1,36,1,2,1,5,1,0,69.54,4,1
20260222,1,2,41,0,2,1,8,1,0,71.41,3,0
20260222,1,3,36,1,3,1,8,2,1,69.76,4,1
20260222,1,4,42,1,3,1,7,1,1,71.88,4,1
20260222,1,5,49,1,4,2,5,0,1,74.1,6,1
20260222,2,1,38,1,3,1,7,1,1,71.25,4,2
20260222,2,2,43,2,3,1,9,1,1,69.54,4,1
20260222,2,3,38,0,2,1,9,3,2,76.37,2,2
20260222,2,4,48,2,4,2,7,1,0,71.79,4,1
20260222,2,5,48,2,5,2,6,1,1,75.66,8,2
20260222,3,1,38,0,4,1,11,1,0,71.29,4,1
20260222,3,2,46,1,3,1,7,1,1,72.79,4,1
20260222,3,3,48,2,5,2,13,3,1,74.23,7,1
20260222,3,4,52,2,5,1,9,2,1,76.09,6,1
20260222,3,5,55,1,3,2,10,1,0,79.66,7,1
20260222,4,1,43,1,3,1,10,2,1,73.19,6,2
20260222,4,2,49,1,5,1,10,0,1,75.78,5,1
20260222,4,3,52,2,3,2,16,2,2,76.79,7,2
20260222,4,4,54,2,5,2,10,1,1,78.88,6,1
20260222,4,5,57,1,4,3,12,1,1,79.57,7,1
20260222,5,1,47,2,4,2,11,1,0,75.87,6,2
20260222,5,2,51,2,5,1,10,1,1,74.95,6,1
20260222,5,3,59,1,4,2,15,2,2,77.14,5,1
20260222,5,4,53,2,3,2,14,1,0,79.46,7,1
20260222,5,5,58,1,4,2,12,1,0,81.83,7,1
20260223,1,1,29,1,5,1,6,0,1,68.27,3,2
20260223,1,2,37,0,3,1,8,1,1,69.44,4,1
20260223,1,3,44,1,5,1,11,2,1,71.84,4,1
20260223,1,4,41,1,3,2,7,2,1,72.8,3,1
20260223,1,5,44,2,5,1,6,1,1,74.39,5,0
20260223,2,1,35,1,3,1,9,0,1,68.76,5,2
20260223,2,2,45,2,3,1,7,1,1,70.16,5,1
20260223,2,3,48,1,3,2,12,3,2,72.81,5,1
20260223,2,4,46,2,5,1,7,1,1,73.16,4,1
20260223,2,5,54,2,4,2,9,2,0,73.82,7,1
20260223,3,1,41,2,4,1,7,1,0,70.98,6,1
20260223,3,2,40,1,5,1,7,1,0,73.94,5,0
20260223,3,3,51,1,6,2,13,3,2,74.16,4,1
20260223,3,4,51,2,6,1,8,1,1,73.53,6,1
20260223,3,5,53,2,6,2,9,0,0,74.75,7,1
20260223,4,1,48,1,5,2,10,1,1,74.48,5,1
20260223,4,2,51,2,5,2,9,1,0,75.17,6,0
20260223,4,3,46,1,6,1,14,3,2,76.36,6,2
20260223,4,4,51,2,5,2,12,1,0,78.53,7,1
20260223,4,5,61,2,6,2,11,0,1,77.77,8,1
20260223,5,1,46,1,4,1,12,1,1,77.66,6,2
20260223,5,2,49,2,5,2,11,1,1,77.16,8,1
20260223,5,3,57,2,6,2,15,3,2,77.63,6,2
20260223,5,4,61,3,5,2,14,0,1,78.28,7,1
20260223,5,5,57,3,6,2,13,0,1,80.57,11,1
20260224,1,1,31,2,5,1,8,1,0,67.26,3,1
20260224,1,2,36,2,4,1,5,0,0,68.37,5,0
20260224,1,3,44,1,4,1,10,4,2,70.21,5,1
20260224,1,4,37,1,4,1,6,0,1,73.02,3,1
20260224,1,5,49,1,4,2,5,1,1,72.95,6,1
20260224,2,1,33,2,5,1,7,0,1,68.02,5,1
20260224,2,2,37,1,3,1,7,1,1,71.71,3,1
20260224,2,3,39,2,4,2,10,3,2,72.27,4,2
20260224,2,4,46,2,5,1,7,1,1,73.9,4,1
20260224,2,5,50,2,4,2,6,1,0,74.22,6,1
20260224,3,1,42,1,3,2,8,1,1,73.45,5,1
20260224,3,2,43,2,5,2,7,0,0,71.79,7,1
20260224,3,3,43,2,5,2,13,4,2,73.28,6,1
20260224,3,4,54,1,5,1,7,2,1,75.68,6,1
20260224,3,5,57,2,5,2,8,0,0,77.33,8,1
20260224,4,1,50,1,4,2,12,0,1,72.92,6,1
20260224,4,2,43,2,4,1,11,1,1,73.62,7,1
20260224,4,3,45,2,6,2,12,3,1,74.11,5,1
20260224,4,4,49,3,6,2,10,0,0,74.62,6,1
20260224,4,5,59,2,5,2,11,1,1,78.39,8,1
20260224,5,1,49,2,6,1,13,1,1,75.58,7,2
20260224,5,2,51,2,6,1,13,1,0,76.55,7,1
20260224,5,3,53,2,4,1,15,3,1,79.68,8,2
20260224,5,4,59,2,5,2,11,1,1,79.15,7,1
20260224,5,5,59,2,5,3,14,2,0,78.91,9,1
20260225,1,1,36,1,4,1,6,1,1,69.68,3,1
20260225,1,2,34,2,3,2,4,1,0,67.34,3,1
20260225,1,3,35,1,5,1,9,3,1,71.06,2,1
20260225,1,4,43,2,3,2,7,1,0,73.74,5,1
20260225,1,5,47,1,5,1,4,2,0,73.58,5,0
20260225,2,1,36,2,3,1,7,1,0,69.97,4,2
20260225,2,2,35,1,5,1,7,0,1,73.23,5,1
20260225,2,3,39,1,5,2,12,4,2,71.88,4,2
20260225,2,4,50,1,5,2,8,2,1,74.91,5,1
20260225,2,5,46,2,5,2,9,1,1,76.62,5,1
20260225,3,1,45,1,5,1,10,0,1,71.87,4,1
20260225,3,2,45,1,5,1,8,0,0,73.43,6,0
20260225,3,3,45,2,4,2,11,3,1,75.78,4,1
20260225,3,4,54,2,6,2,9,2,0,75.4,5,0
20260225,3,5,51,2,4,2,10,0,1,77.17,6,1
20260225,4,1,48,2,6,1,9,0,1,72.27,7,2
20260225,4,2,46,2,3,2,10,0,1,76.81,7,1
20260225,4,3,47,1,5,2,12,3,2,76.84,7,1
20260225,4,4,49,2,5,2,11,0,1,78.03,5,1
20260225,4,5,58,3,6,2,11,1,1,77.24,9,1
20260225,5,1,54,1,4,1,11,0,0,76.67,5,1
20260225,5,2,51,1,4,2,13,1,1,77.37,5,1
20260225,5,3,59,2,5,2,14,3,1,76.61,6,1
20260225,5,4,52,3,5,2,12,1,0,79.2,7,1
20260225,5,5,58,3,6,2,14,1,1,77.83,10,2
20260226,1,1,33,1,5,1,7,0,1,69.73,5,2
20260226,1,2,36,2,4,1,7,1,0,68.97,5,1
20260226,1,3,37,1,4,2,9,3,2,72.96,4,1
20260226,1,4,42,2,5,1,7,1,1,72.6,3,1
20260226,1,5,45,2,5,2,7,2,1,73.32,5,1
20260226,2,1,39,1,3,1,6,0,1,69.89,4,2
20260226,2,2,36,2,4,1,7,2,1,70.22,6,1
20260226,2,3,43,2,5,2,11,3,2,70.31,6,1
20260226,2,4,48,1,4,1,9,1,0,75.09,3,1
20260226,2,5,45,2,6,1,6,1,0,75.4,7,1
20260226,3,1,46,1,3,1,11,1,1,72.96,4,2
20260226,3,2,49,2,3,1,10,1,1,75.05,4,1
20260226,3,3,43,2,5,2,11,3,1,72.43,6,1
20260226,3,4,49,1,6,2,11,1,1,76.94,6,0
20260226,3,5,51,2,6,2,11,1,0,76.0,7,1
20260226,4,1,41,2,5,1,9,1,1,74.07,5,2
20260226,4,2,45,2,6,2,12,1,1,73.0,5,1
20260226,4,3,45,2,6,2,14,3,2,77.27,7,1
20260226,4,4,57,2,5,2,9,1,1,78.24,6,1
20260226,4,5,51,3,5,2,12,1,1,76.43,8,1
20260226,5,1,45,1,4,1,12,1,0,76.54,5,2
20260226,5,2,49,1,6,2,13,2,1,77.35,7,1
20260226,5,3,50,2,5,2,14,3,2,76.96,6,2
20260226,5,4,58,2,6,3,12,1,1,78.1,7,1
20260226,5,5,64,3,5,3,12,1,0,78.17,8,2
20260227,1,1,36,0,4,1,5,1,0,69.74,3,2
20260227,1,2,33,1,4,1,7,1,0,69.0,4,0
20260227,1,3,45,2,4,2,7,3,1,71.42,5,1
20260227,1,4,43,1,3,2,5,1,0,72.77,4,1
20260227,1,5,43,1,5,1,6,1,1,75.88,5,0
20260227,2,1,35,1,3,1,6,1,0,69.2,6,2
20260227,2,2,43,2,3,1,9,1,1,72.24,6,1
20260227,2,3,39,1,3,2,12,4,1,73.29,5,2
20260227,2,4,46,1,5,1,7,2,1,75.24,4,2
20260227,2,5,49,1,5,1,9,2,1,76.25,5,1
20260227,3,1,39,1,3,2,9,1,0,72.45,4,1
20260227,3,2,41,2,5,2,8,1,1,71.19,6,1
20260227,3,3,46,2,5,2,11,3,2,73.13,4,2
20260227,3,4,50,2,5,1,11,0,1,74.87,5,1
20260227,3,5,58,3,5,3,11,1,1,74.07,9,1
20260227,4,1,47,2,4,1,9,0,0,74.56,6,2
20260227,4,2,49,2,5,2,11,1,0,74.96,7,1
20260227,4,3,55,2,6,2,14,3,2,76.34,5,2
20260227,4,4,51,3,4,2,13,0,1,78.67,7,0
20260227,4,5,59,2,4,2,12,1,1,79.87,9,1
20260227,5,1,44,2,5,1,11,1,1,76.84,6,2
20260227,5,2,49,1,6,2,14,1,1,78.12,7,1
20260227,5,3,55,2,5,1,16,4,2,78.46,6,2
20260227,5,4,63,2,6,2,14,0,0,78.01,8,1
20260227,5,5,58,2,6,2,10,1,1,80.18,9,1
20260228,1,1,38,1,4,1,5,1,0,66.92,3,2
20260228,1,2,37,0,2,1,6,1,1,70.49,3,1
20260228,1,3,44,1,4,1,11,3,1,71.42,4,1
20260228,1,4,45,1,3,1,7,1,0,73.82,5,1
20260228,1,5,50,1,3,2,6,0,1,75.76,4,0
20260228,2,1,41,1,4,1,7,1,1,71.73,3,1
20260228,2,2,45,1,3,1,9,1,0,72.58,3,1
20260228,2,3,39,1,4,2,9,3,2,72.04,5,2
20260228,2,4,42,1,3,2,8,0,1,75.05,5,2
20260228,2,5,48,0,3,1,8,0,1,76.15,5,1
20260228,3,1,45,1,2,1,11,0,1,73.43,5,2
20260228,3,2,47,1,4,2,8,1,1,73.85,4,1
20260228,3,3,44,1,3,2,12,3,2,76.65,4,2
20260228,3,4,48,1,3,2,7,1,0,77.55,4,1
20260228,3,5,50,1,4,2,9,1,0,78.57,6,0
20260228,4,1,43,1,3,2,10,1,1,74.24,4,2
20260228,4,2,50,0,3,1,12,1,1,78.37,4,1
20260228,4,3,53,2,5,1,12,3,1,74.98,6,2
20260228,4,4,50,1,4,1,11,0,1,77.93,7,1
20260228,4,5,61,1,4,3,11,0,0,78.85,6,1
20260228,5,1,50,1,3,2,13,1,0,75.46,6,2
20260228,5,2,54,1,4,2,11,1,1,76.34,7,1
20260228,5,3,52,2,4,2,16,4,2,76.79,7,2
20260228,5,4,59,1,5,2,14,2,0,78.99,6,1
20260228,5,5,58,1,5,3,12,2,1,82.57,8,1
20260301,1,1,37,0,4,1,10,1,1,67.99,3,1
20260301,1,2,41,0,4,1,9,1,1,70.55,4,1
20260301,1,3,40,1,3,1,9,3,0,72.38,4,2
20260301,1,4,48,1,4,1,8,2,0,72.15,3,1
20260301,1,5,45,2,4,2,10,2,1,73.54,7,1
20260301,2,1,39,1,3,1,10,2,1,69.26,3,2
20260301,2,2,48,0,2,2,8,1,1,75.05,3,1
20260301,2,3,45,1,3,1,14,3,1,73.72,3,2
20260301,2,4,45,1,4,1,8,1,0,73.81,4,1
20260301,2,5,49,1,3,2,9,2,1,77.69,6,1
20260301,3,1,46,2,4,1,9,1,0,71.48,4,2
20260301,3,2,49,2,3,1,11,2,1,74.09,6,1
20260301,3,3,49,1,4,2,12,4,0,74.08,6,1
20260301,3,4,47,1,5,2,10,1,1,75.09,6,0
20260301,3,5,51,1,4,2,9,1,0,79.85,6,1
20260301,4,1,47,1,4,1,14,1,1,76.12,6,2
20260301,4,2,54,1,5,1,12,1,1,77.57,6,1
20260301,4,3,50,2,5,2,16,3,0,76.69,7,1
20260301,4,4,51,1,4,1,14,1,1,79.46,4,1
20260301,4,5,59,2,5,2,12,2,0,79.52,8,1
20260301,5,1,50,1,4,2,15,2,1,77.35,7,2
20260301,5,2,57,2,3,2,13,2,1,77.86,7,1
20260301,5,3,57,1,5,2,17,4,1,80.7,7,1
20260301,5,4,63,2,4,2,15,1,1,81.68,6,1
20260301,5,5,57,2,4,3,14,1,1,81.78,8,1
20260302,1,1,37,2,3,1,7,2,1,68.74,5,1
20260302,1,2,41,1,3,2,7,1,0,70.02,4,1
20260302,1,3,47,1,4,1,12,4,0,72.7,4,1
20260302,1,4,47,1,4,2,7,2,1,71.98,4,1
20260302,1,5,43,2,5,2,9,1,0,74.78,5,1
20260302,2,1,43,1,3,1,10,2,0,72.54,5,2
20260302,2,2,39,2,3,2,9,2,1,71.05,6,1
20260302,2,3,51,1,4,1,11,4,1,74.91,3,2
20260302,2,4,47,1,5,1,10,1,1,73.3,4,1
20260302,2,5,53,1,5,2,9,1,1,75.14,5,1
20260302,3,1,44,1,4,1,12,1,0,72.4,6,2
20260302,3,2,48,1,4,1,12,2,1,75.77,6,1
20260302,3,3,50,2,3,2,12,4,1,74.1,7,1
20260302,3,4,52,1,4,2,10,2,0,78.5,5,1
20260302,3,5,60,2,4,3,13,2,0,76.14,7,0
20260302,4,1,47,2,6,1,12,1,1,72.7,5,1
20260302,4,2,55,2,4,2,13,1,1,73.47,7,1
20260302,4,3,48,2,5,2,14,4,1,77.45,6,1
20260302,4,4,61,3,6,2,13,2,0,77.7,7,1
20260302,4,5,63,2,6,2,11,1,1,77.72,8,1
20260302,5,1,51,2,5,1,14,2,1,75.64,8,2
20260302,5,2,50,2,4,1,13,2,1,75.63,8,1
20260302,5,3,59,2,6,3,17,4,0,79.23,6,2
20260302,5,4,63,2,6,2,12,1,0,80.63,6,1
20260302,5,5,60,2,7,3,15,1,0,82.06,10,1
20260303,1,1,36,1,3,1,9,1,1,68.56,3,1
20260303,1,2,41,0,4,1,7,1,1,70.47,3,0
20260303,1,3,39,2,3,1,9,4,1,71.86,4,2
20260303,1,4,46,2,4,1,6,2,0,73.28,4,1
20260303,1,5,50,1,4,2,8,2,1,75.28,5,1
20260303,2,1,37,2,4,1,8,2,1,68.22,5,2
20260303,2,2,46,2,3,1,11,1,1,71.36,4,1
20260303,2,3,51,2,5,1,14,3,1,72.56,5,2
20260303,2,4,49,2,3,2,10,2,0,75.23,6,1
20260303,2,5,56,2,4,2,9,1,0,76.3,6,2
20260303,3,1,40,2,5,1,10,1,1,71.2,4,2
20260303,3,2,48,1,4,2,12,2,1,75.12,6,0
20260303,3,3,54,2,6,2,12,3,0,74.64,7,1
20260303,3,4,55,2,6,1,13,1,1,74.55,7,0
20260303,3,5,57,2,5,2,9,2,1,75.91,8,1
20260303,4,1,42,2,4,2,14,2,0,73.03,6,2
20260303,4,2,54,1,4,2,11,2,1,76.36,7,0
20260303,4,3,53,2,4,2,16,4,0,75.02,7,1
20260303,4,4,54,2,5,2,12,1,1,77.35,7,1
20260303,4,5,59,3,5,2,12,2,0,80.09,8,1
20260303,5,1,53,2,4,2,15,1,0,75.52,7,2
20260303,5,2,50,2,5,1,15,1,1,76.26,6,1
20260303,5,3,57,3,5,2,16,3,1,78.54,7,1
20260303,5,4,58,3,5,3,14,1,0,77.48,7,1
20260303,5,5,61,3,6,2,13,2,1,81.15,9,1
20260304,1,1,38,1,3,1,9,2,1,69.0,3,1
20260304,1,2,44,2,3,2,7,1,1,68.65,5,0
20260304,1,3,47,2,5,2,12,3,0,69.83,3,1
20260304,1,4,47,2,3,1,7,2,1,72.44,4,1
20260304,1,5,48,2,5,2,7,1,1,73.2,7,1
20260304,2,1,37,0,4,1,10,1,0,70.76,5,2
20260304,2,2,47,1,4,2,10,1,0,71.08,3,1
20260304,2,3,41,1,3,1,10,3,0,73.4,3,2
20260304,2,4,49,1,4,2,9,1,1,76.19,5,1
20260304,2,5,50,2,4,2,9,1,1,77.35,6,1
20260304,3,1,44,2,5,1,12,1,1,71.27,6,1
20260304,3,2,46,1,4,1,12,1,1,75.23,6,1
20260304,3,3,55,2,6,1,13,4,1,74.72,6,2
20260304,3,4,58,2,6,2,11,2,0,75.74,5,0
20260304,3,5,57,2,4,2,12,1,1,77.07,7,1
20260304,4,1,49,2,5,1,14,1,1,73.92,6,1
20260304,4,2,54,2,5,2,11,1,1,76.21,6,0
20260304,4,3,50,1,4,1,17,4,1,77.9,5,1
20260304,4,4,60,2,5,2,14,1,0,79.03,7,0
20260304,4,5,62,2,6,3,13,1,1,77.97,8,1
20260304,5,1,56,2,5,2,14,1,0,76.27,7,2
20260304,5,2,54,1,5,2,12,2,1,79.6,7,1
20260304,5,3,54,2,6,2,18,4,1,76.65,6,2
20260304,5,4,56,2,6,3,16,1,0,79.59,8,1
20260304,5,5,63,2,5,2,14,2,1,80.3,9,1
20260305,1,1,32,1,4,1,8,1,1,67.71,2,1
20260305,1,2,36,1,3,1,9,1,1,71.42,2,1
20260305,1,3,45,1,3,1,9,3,0,73.14,3,2
20260305,1,4,47,2,5,2,6,2,1,70.32,4,1
20260305,1,5,46,2,5,2,9,2,1,72.06,7,1
20260305,2,1,36,1,5,1,10,1,0,68.87,5,2
20260305,2,2,40,1,3,2,10,2,0,74.27,5,1
20260305,2,3,41,2,5,2,11,4,1,71.15,5,2
20260305,2,4,44,1,6,1,8,1,0,74.17,4,1
20260305,2,5,57,1,4,2,11,2,0,78.5,7,1
20260305,3,1,43,1,3,1,9,2,0,74.13,6,1
20260305,3,2,51,1,4,1,10,2,1,73.92,4,1
20260305,3,3,53,2,5,1,15,3,0,73.39,6,2
20260305,3,4,52,2,6,2,10,2,0,74.07,5,1
20260305,3,5,61,2,5,2,10,1,0,78.7,7,1
20260305,4,1,44,2,5,2,13,1,0,74.97,7,1
20260305,4,2,46,2,5,1,11,1,1,75.3,7,1
20260305,4,3,53,1,4,2,17,4,1,76.64,4,1
20260305,4,4,53,2,4,1,11,2,0,78.7,6,1
20260305,4,5,62,2,6,2,13,1,1,79.24,8,1
20260305,5,1,51,1,3,1,12,1,1,78.68,5,2
20260305,5,2,58,3,5,1,14,1,1,74.82,8,1
20260305,5,3,61,2,5,1,19,3,1,78.06,6,2
20260305,5,4,63,3,4,2,15,1,0,77.71,8,1
20260305,5,5,63,3,5,3,15,2,1,79.51,8,1
20260306,1,1,43,0,4,0,8,1,1,69.49,4,2
20260306,1,2,45,1,4,2,8,2,0,70.65,4,1
20260306,1,3,41,1,3,1,10,3,0,71.65,2,1
20260306,1,4,43,1,3,1,6,2,1,74.53,4,1
20260306,1,5,53,2,4,1,9,2,0,73.92,7,1
20260306,2,1,36,1,4,1,9,1,0,69.47,3,2
20260306,2,2,38,2,4,1,11,2,1,72.75,4,1
20260306,2,3,49,2,5,2,13,4,0,71.17,6,2
20260306,2,4,52,2,5,2,11,1,1,75.34,6,2
20260306,2,5,56,1,4,2,9,2,0,76.87,7,1
20260306,3,1,44,1,4,1,10,2,0,71.44,5,1
20260306,3,2,43,2,5,1,9,2,0,73.85,4,0
20260306,3,3,54,2,5,2,14,3,1,73.31,6,1
20260306,3,4,58,2,6,2,9,1,0,76.49,5,1
20260306,3,5,59,2,5,2,12,2,0,76.79,8,1
20260306,4,1,49,1,4,1,14,2,1,75.64,6,1
20260306,4,2,52,2,6,2,12,2,0,73.82,6,1
20260306,4,3,48,2,4,1,14,4,0,75.88,8,1
20260306,4,4,59,3,5,2,11,1,1,78.21,6,1
20260306,4,5,60,2,6,3,11,1,1,80.74,9,1
20260306,5,1,52,2,5,1,13,1,1,76.13,8,2
20260306,5,2,53,2,5,2,16,2,1,75.66,6,1
20260306,5,3,62,2,6,1,16,4,0,77.87,8,1
20260306,5,4,56,3,5,2,13,1,0,78.51,6,1
20260306,5,5,60,2,6,2,12,2,1,82.7,9,1
20260307,1,1,33,0,3,1,8,1,1,71.23,4,1
20260307,1,2,41,0,2,1,8,2,1,73.47,3,1
20260307,1,3,44,2,3,1,11,4,0,73.31,4,1
20260307,1,4,45,2,3,1,9,1,0,72.24,4,1
20260307,1,5,44,1,4,2,6,2,1,74.4,6,1
20260307,2,1,43,1,2,1,10,1,1,71.99,5,2
20260307,2,2,40,1,3,2,8,1,0,72.29,3,1
20260307,2,3,42,1,4,1,11,4,1,72.99,4,2
20260307,2,4,48,2,4,2,10,1,1,72.88,6,1
20260307,2,5,47,2,3,2,9,2,0,77.76,7,1
20260307,3,1,42,1,3,2,12,1,0,74.54,5,2
20260307,3,2,51,1,4,1,11,2,0,74.28,4,1
20260307,3,3,47,0,4,2,13,3,0,76.06,6,2
20260307,3,4,52,2,4,2,11,2,1,76.1,4,0
20260307,3,5,58,1,4,3,11,2,1,78.71,6,0
20260307,4,1,51,2,2,1,13,1,1,76.72,5,2
20260307,4,2,47,1,5,2,14,1,1,75.86,7,1
20260307,4,3,51,1,5,1,16,4,0,77.9,5,2
20260307,4,4,56,1,4,2,12,2,0,79.59,7,1
20260307,4,5,58,1,4,2,11,2,1,80.91,8,1
20260307,5,1,54,2,3,2,14,1,0,76.9,6,1
20260307,5,2,51,2,3,2,13,2,1,78.82,7,1
20260307,5,3,63,2,4,2,15,3,1,79.95,6,2
20260307,5,4,62,2,4,2,16,1,0,79.31,6,1
20260307,5,5,65,2,3,3,15,1,0,80.45,8,1
20260308,1,1,32,1,4,1,9,1,0,69.68,3,2
20260308,1,2,44,0,4,2,9,1,1,72.15,3,1
20260308,1,3,41,2,4,1,9,3,1,72.97,3,1
20260308,1,4,49,1,3,1,6,1,0,74.82,4,0
20260308,1,5,51,1,4,2,7,1,0,74.82,5,1
20260308,2,1,45,1,4,1,9,1,1,69.99,5,2
20260308,2,2,39,2,3,1,8,1,0,72.0,4,1
20260308,2,3,42,0,4,2,13,3,0,74.04,5,2
20260308,2,4,51,1,3,1,10,0,1,77.83,5,1
20260308,2,5,51,2,5,2,11,1,1,74.11,7,2
20260308,3,1,41,0,4,1,10,2,0,74.82,4,1
20260308,3,2,43,2,4,2,12,1,1,73.51,5,0
20260308,3,3,46,1,3,2,13,4,0,76.52,6,1
20260308,3,4,55,1,4,1,11,1,1,79.01,5,0
20260308,3,5,54,2,4,2,12,0,0,79.06,6,1
20260308,4,1,47,1,3,2,14,2,1,75.11,4,1
20260308,4,2,53,1,5,2,12,0,0,76.66,7,1
20260308,4,3,49,1,5,2,14,3,1,77.78,4,1
20260308,4,4,61,2,5,2,13,0,1,79.17,6,1
20260308,4,5,57,1,4,2,13,0,1,82.01,7,1
20260308,5,1,52,1,4,1,14,1,1,78.24,5,1
20260308,5,2,58,1,3,2,14,2,0,79.17,5,2
20260308,5,3,53,2,5,2,18,3,1,79.92,6,1
20260308,5,4,65,2,3,3,16,1,0,79.14,7,1
20260308,5,5,61,2,4,2,15,1,0,81.35,9,1
20260309,1,1,33,1,4,1,7,1,1,70.89,3,1
20260309,1,2,36,2,3,1,7,1,1,71.75,3,1
20260309,1,3,41,1,5,1,10,3,1,71.31,4,1
20260309,1,4,50,1,5,1,9,1,0,74.3,2,1
20260309,1,5,53,2,4,2,8,0,0,75.41,6,0
20260309,2,1,37,1,3,1,10,0,0,71.73,5,2
20260309,2,2,40,2,5,1,8,1,0,73.12,6,1
20260309,2,3,45,1,3,1,13,3,1,73.19,4,2
20260309,2,4,51,2,5,1,11,0,0,73.05,6,1
20260309,2,5,49,2,5,1,10,0,0,74.52,6,1
20260309,3,1,39,2,3,1,13,0,1,73.79,6,1
20260309,3,2,45,2,3,2,11,1,1,75.32,5,0
20260309,3,3,48,2,5,2,15,4,1,74.86,4,1
20260309,3,4,56,2,4,2,12,0,0,75.02,5,1
20260309,3,5,57,2,4,2,10,2,1,78.98,7,1
20260309,4,1,53,1,5,1,13,1,0,75.12,4,1
20260309,4,2,48,2,6,2,14,2,1,75.13,8,1
20260309,4,3,51,3,6,2,17,3,0,73.93,6,1
20260309,4,4,56,2,4,2,13,1,0,78.29,5,0
20260309,4,5,63,2,6,2,14,0,1,80.18,9,1
20260309,5,1,53,2,4,1,13,1,1,74.95,8,1
20260309,5,2,53,2,6,2,12,1,0,75.25,8,1
20260309,5,3,55,3,6,2,15,3,0,76.06,6,2
20260309,5,4,58,3,6,3,12,0,1,79.93,9,1
20260309,5,5,59,2,6,2,16,2,1,82.13,8,1
20260310,1,1,39,0,3,1,8,1,1,71.88,3,1
20260310,1,2,45,2,4,1,6,0,1,68.43,3,1
20260310,1,3,48,2,5,2,9,3,1,69.1,4,2
20260310,1,4,50,1,4,2,9,0,1,74.1,5,1
20260310,1,5,54,1,5,2,10,1,1,73.87,5,1
20260310,2,1,37,1,3,1,11,1,1,72.26,4,2
20260310,2,2,49,2,3,1,10,1,0,73.04,4,1
20260310,2,3,44,2,5,2,13,3,0,73.18,6,2
20260310,2,4,47,1,4,2,11,0,0,74.62,5,1
20260310,2,5,48,1,4,2,11,0,0,77.27,5,1
20260310,3,1,41,2,5,1,12,1,1,70.59,6,1
20260310,3,2,43,2,4,2,10,0,1,73.89,7,1
20260310,3,3,48,1,6,1,13,3,0,77.23,4,2
20260310,3,4,58,3,5,2,13,1,1,75.31,7,1
20260310,3,5,52,2,5,2,10,0,1,76.95,8,1
20260310,4,1,52,2,3,1,13,0,1,74.71,5,1
20260310,4,2,46,2,4,1,11,1,1,74.84,6,1
20260310,4,3,50,2,5,1,15,4,1,77.22,7,2
20260310,4,4,59,2,5,2,13,0,0,78.57,5,1
20260310,4,5,58,3,6,2,13,0,1,77.0,7,1
20260310,5,1,50,1,5,2,15,0,1,76.34,8,2
20260310,5,2,56,3,6,1,16,1,0,74.94,8,1
20260310,5,3,60,2,4,2,18,3,1,80.46,6,2
20260310,5,4,57,2,5,2,13,0,0,81.29,7,1
20260310,5,5,62,3,5,2,13,0,0,81.45,8,1
20260311,1,1,35,0,5,1,7,0,1,70.01,4,1
20260311,1,2,45,1,4,1,9,0,0,70.38,2,1
20260311,1,3,40,2,5,1,12,3,1,71.06,4,2
20260311,1,4,42,2,3,1,6,0,1,73.12,5,1
20260311,1,5,52,2,4,2,9,0,1,74.43,5,1
20260311,2,1,39,2,4,1,8,1,0,70.81,6,1
20260311,2,2,40,1,4,1,10,1,1,74.2,5,1
20260311,2,3,50,2,4,2,14,2,1,72.94,4,2
20260311,2,4,47,2,4,2,9,1,1,75.49,5,1
20260311,2,5,50,2,3,2,9,1,0,75.48,6,1
20260311,3,1,41,1,3,1,11,0,1,73.26,5,2
20260311,3,2,45,1,5,2,11,2,1,74.34,6,1
20260311,3,3,52,2,6,1,13,3,1,73.37,6,2
20260311,3,4,51,1,4,2,9,2,1,79.33,6,0
20260311,3,5,55,1,5,2,10,0,1,79.98,6,0
20260311,4,1,52,2,4,1,12,1,0,74.45,7,2
20260311,4,2,52,1,4,2,13,2,1,75.89,6,1
20260311,4,3,56,3,5,1,15,3,1,75.93,8,1
20260311,4,4,57,3,4,2,12,0,0,77.45,7,1
20260311,4,5,61,3,7,3,12,0,0,79.06,9,1
20260311,5,1,57,2,4,2,13,2,0,76.15,8,1
20260311,5,2,54,2,6,1,14,2,0,79.16,8,1
20260311,5,3,59,2,6,2,18,3,0,77.93,8,1
20260311,5,4,61,2,6,2,16,1,0,80.24,7,1
20260311,5,5,68,3,7,2,13,1,1,78.9,11,1
20260312,1,1,34,1,5,1,9,1,1,70.27,3,2
20260312,1,2,42,2,3,1,8,0,1,71.64,3,1
20260312,1,3,47,2,5,1,10,3,1,70.94,4,1
20260312,1,4,46,1,5,2,6,1,1,74.59,4,1
20260312,1,5,44,2,4,2,8,0,0,73.15,7,0
20260312,2,1,37,1,3,1,11,0,0,71.18,6,2
20260312,2,2,40,2,5,1,10,0,1,73.27,4,1
20260312,2,3,48,1,3,2,11,3,1,73.52,5,2
20260312,2,4,53,1,5,2,9,2,1,74.42,3,1
20260312,2,5,54,2,5,2,8,1,1,74.26,6,1
20260312,3,1,47,2,5,2,10,0,1,72.08,7,1
20260312,3,2,43,1,6,1,10,1,1,72.98,5,0
20260312,3,3,55,2,4,2,13,2,1,77.03,7,1
20260312,3,4,59,2,5,1,9,2,1,78.03,5,1
20260312,3,5,54,3,6,2,10,1,0,75.76,9,0
20260312,4,1,51,1,5,2,13,1,1,74.2,7,1
20260312,4,2,57,2,5,2,13,1,1,74.39,7,1
20260312,4,3,53,2,5,2,14,3,1,76.12,7,2
20260312,4,4,57,3,4,2,13,0,1,77.97,6,1
20260312,4,5,60,2,6,3,14,1,0,77.7,8,0
20260312,5,1,51,2,3,2,15,0,1,76.65,7,1
20260312,5,2,58,2,4,2,14,1,1,78.47,7,1
20260312,5,3,60,1,5,2,16,3,0,81.51,5,2
20260312,5,4,62,2,5,2,14,0,1,78.75,6,1
20260312,5,5,63,2,5,2,15,0,1,80.57,8,2
20260313,1,1,39,2,3,1,7,1,1,68.74,4,1
20260313,1,2,38,1,4,1,6,1,1,69.8,4,1
20260313,1,3,38,2,4,2,11,3,1,70.95,5,2
20260313,1,4,51,2,5,2,7,0,0,73.6,4,0
20260313,1,5,54,2,5,2,6,0,0,72.77,5,1
20260313,2,1,45,1,4,2,10,1,1,71.31,5,1
20260313,2,2,44,1,4,1,10,1,0,73.39,4,2
20260313,2,3,51,1,5,1,12,3,0,75.57,3,2
20260313,2,4,48,2,4,1,10,2,1,75.65,6,1
20260313,2,5,49,2,5,1,10,0,0,77.08,7,1
20260313,3,1,42,1,3,1,11,0,0,75.73,6,1
20260313,3,2,53,2,4,2,10,1,1,73.67,5,1
20260313,3,3,49,1,6,2,15,3,0,74.14,6,1
20260313,3,4,52,3,5,2,10,1,1,74.92,6,1
20260313,3,5,61,3,4,2,12,1,1,76.31,7,1
20260313,4,1,48,2,4,2,14,1,1,75.45,6,2
20260313,4,2,49,1,4,1,14,1,0,77.82,5,1
20260313,4,3,49,2,6,2,14,3,1,76.31,6,1
20260313,4,4,61,1,5,1,12,1,0,81.32,5,1
20260313,4,5,61,3,5,2,12,0,0,80.07,8,1
20260313,5,1,56,2,5,1,14,1,1,78.05,7,2
20260313,5,2,59,3,5,2,13,1,0,75.86,7,1
20260313,5,3,53,2,5,2,19,3,0,80.31,6,2
20260313,5,4,57,3,5,2,13,1,1,78.0,7,1
20260313,5,5,64,3,6,3,14,1,1,78.95,10,2
20260314,1,1,40,1,4,1,7,1,1,68.46,4,1
20260314,1,2,43,1,4,1,7,2,0,72.44,2,1
20260314,1,3,47,1,4,1,12,3,0,72.32,3,2
20260314,1,4,49,1,4,1,6,2,1,73.25,2,0
20260314,1,5,48,2,3,2,7,0,0,74.8,5,1
20260314,2,1,44,1,3,2,7,2,0,71.73,5,2
20260314,2,2,43,2,2,1,9,0,1,71.83,4,1
20260314,2,3,50,2,3,1,11,4,1,72.53,5,2
20260314,2,4,55,2,4,2,11,0,1,73.85,4,1
20260314,2,5,51,2,3,2,10,2,0,78.29,6,1
20260314,3,1,41,2,4,1,10,0,0,73.84,6,2
20260314,3,2,53,0,3,1,11,2,0,77.1,5,1
20260314,3,3,55,0,3,2,15,3,1,77.3,5,1
20260314,3,4,51,1,4,2,11,1,1,78.93,4,0
20260314,3,5,52,1,3,2,13,0,1,81.55,7,1
20260314,4,1,52,0,5,2,11,2,1,75.96,6,2
20260314,4,2,56,1,3,2,13,0,0,77.66,6,1
20260314,4,3,50,1,3,2,17,4,0,79.02,5,1
20260314,4,4,61,1,3,2,13,1,0,81.67,5,1
20260314,4,5,65,2,3,2,11,2,0,80.7,9,0
20260314,5,1,53,1,4,2,13,0,0,76.26,7,2
20260314,5,2,54,1,3,2,16,0,1,79.3,7,2
20260314,5,3,57,2,3,2,17,3,0,78.78,8,2
20260314,5,4,64,1,4,2,14,2,0,80.46,7,1
20260314,5,5,65,2,5,2,13,0,1,83.85,9,1
20260315,1,1,34,0,4,1,7,1,1,71.48,2,1
20260315,1,2,45,1,4,2,6,1,0,70.17,4,1
20260315,1,3,44,0,3,1,11,4,0,73.22,3,2
20260315,1,4,49,0,4,1,9,0,1,76.21,3,1
20260315,1,5,51,2,4,2,9,1,1,76.41,5,0
20260315,2,1,45,0,3,1,8,1,0,71.72,5,1
20260315,2,2,48,0,4,2,9,1,1,75.13,4,1
20260315,2,3,53,1,3,2,13,4,0,74.66,3,2
20260315,2,4,47,1,4,2,8,0,0,75.34,3,1
20260315,2,5,54,1,4,1,10,2,1,78.04,7,1
20260315,3,1,41,2,3,2,11,1,1,72.19,6,1
20260315,3,2,45,1,3,2,9,2,1,73.67,5,0
20260315,3,3,46,0,5,2,14,3,0,78.43,3,1
20260315,3,4,52,1,3,2,10,1,1,78.58,4,1
20260315,3,5,60,1,5,2,9,1,1,78.95,8,1
20260315,4,1,54,2,3,1,14,2,1,76.65,7,2
20260315,4,2,49,2,3,2,13,1,1,78.16,7,1
20260315,4,3,58,1,4,1,16,4,0,80.49,5,1
20260315,4,4,61,1,3,2,11,1,1,82.08,5,0
20260315,4,5,63,2,3,2,13,1,1,79.26,9,1
20260315,5,1,51,1,3,2,14,1,0,79.33,6,1
20260315,5,2,57,1,5,2,14,1,0,78.55,6,1
20260315,5,3,63,1,5,2,17,3,1,79.03,7,2
20260315,5,4,65,1,4,2,16,1,0,80.85,7,1
20260315,5,5,59,1,4,2,14,2,0,82.91,8,1
20260316,1,1,40,0,3,1,6,2,0,70.29,3,2
20260316,1,2,40,1,5,1,7,1,1,71.24,4,1
20260316,1,3,42,2,3,1,11,3,0,70.79,4,2
20260316,1,4,50,2,3,2,7,1,1,73.01,4,1
20260316,1,5,53,1,4,2,8,0,0,76.67,4,1
20260316,2,1,45,2,3,1,11,2,0,70.02,5,2
20260316,2,2,42,2,3,2,8,1,0,72.64,6,1
20260316,2,3,52,2,3,2,10,3,1,74.22,4,2
20260316,2,4,50,2,5,1,9,2,0,73.86,6,1
20260316,2,5,58,1,4,2,10,1,0,77.95,7,1
20260316,3,1,47,1,5,1,10,1,1,72.41,5,1
20260316,3,2,52,2,4,2,11,1,1,72.49,4,1
20260316,3,3,50,2,3,1,15,3,1,74.96,5,2
20260316,3,4,52,3,4,2,9,1,1,77.96,6,1
20260316,3,5,60,2,5,1,9,1,0,80.1,8,1
20260316,4,1,49,1,4,1,14,0,1,75.26,5,1
20260316,4,2,54,2,3,2,12,1,1,77.24,6,1
20260316,4,3,56,2,4,2,14,3,0,78.91,8,1
20260316,4,4,60,2,4,2,14,0,1,78.84,7,1
20260316,4,5,65,2,6,2,14,1,1,79.89,7,1
20260316,5,1,53,2,4,1,13,1,1,75.79,7,2
20260316,5,2,58,2,5,2,14,2,0,77.4,6,1
20260316,5,3,57,1,6,1,16,2,1,79.48,6,2
20260316,5,4,63,2,5,2,14,1,1,79.47,8,1
20260316,5,5,62,2,7,2,13,1,1,80.6,8,1
20260317,1,1,39,1,3,1,6,1,1,69.36,4,2
20260317,1,2,47,1,3,1,8,0,1,70.25,4,1
20260317,1,3,44,1,5,1,10,2,0,72.4,3,1
20260317,1,4,49,2,5,2,9,1,0,73.18,3,1
20260317,1,5,49,1,5,2,9,1,0,74.14,6,1
20260317,2,1,37,1,3,1,10,1,1,72.76,4,2
20260317,2,2,43,2,4,2,10,0,1,72.49,5,1
20260317,2,3,48,1,5,2,11,3,1,74.02,4,2
20260317,2,4,47,1,4,2,10,1,1,77.64,5,1
20260317,2,5,54,2,5,2,11,2,0,77.21,6,1
20260317,3,1,51,2,5,1,9,1,1,73.53,6,2
20260317,3,2,52,2,5,1,11,1,1,74.03,4,0
20260317,3,3,49,2,4,2,16,4,1,76.86,5,1
20260317,3,4,58,2,5,2,9,1,1,75.91,6,1
20260317,3,5,61,1,4,2,13,1,1,78.89,8,1
20260317,4,1,54,1,5,2,14,2,1,76.6,7,1
20260317,4,2,53,2,4,2,14,1,0,77.34,5,1
20260317,4,3,53,2,5,2,15,4,1,78.06,5,2
20260317,4,4,52,2,4,2,13,0,1,79.42,7,1
20260317,4,5,58,2,5,2,13,0,0,80.56,9,1
20260317,5,1,57,2,3,1,16,1,1,76.34,6,2
20260317,5,2,58,2,5,2,14,2,0,78.63,7,1
20260317,5,3,59,2,5,2,18,3,1,81.16,8,2
20260317,5,4,61,2,7,2,13,1,1,81.4,6,1
20260317,5,5,61,2,7,2,13,1,1,80.1,8,1
20260318,1,1,36,1,3,1,8,1,1,69.94,2,2
20260318,1,2,39,1,3,1,6,1,0,70.21,2,1
20260318,1,3,44,2,4,1,11,4,1,71.8,3,2
20260318,1,4,52,1,5,2,6,2,0,72.64,3,1
20260318,1,5,55,2,3,2,8,1,1,75.51,6,1
20260318,2,1,47,1,4,1,9,0,1,73.53,5,2
20260318,2,2,47,1,3,1,10,1,1,73.72,4,1
20260318,2,3,53,1,5,2,13,3,1,73.12,4,2
20260318,2,4,55,1,6,2,11,2,1,76.51,5,1
20260318,2,5,56,2,4,2,8,1,1,75.31,7,1
20260318,3,1,45,2,5,1,10,1,1,72.6,6,1
20260318,3,2,51,2,5,1,13,0,1,75.62,7,0
20260318,3,3,47,1,4,1,12,3,1,75.84,6,2
20260318,3,4,55,2,4,2,9,1,0,75.78,6,1
20260318,3,5,61,2,5,2,10,1,1,79.05,6,1
20260318,4,1,51,1,5,1,14,1,1,75.99,6,1
20260318,4,2,55,3,6,2,11,0,0,74.77,6,0
20260318,4,3,53,2,6,2,14,3,0,78.36,5,1
20260318,4,4,57,2,6,2,12,0,0,79.38,5,1
20260318,4,5,57,2,6,3,11,2,0,78.62,8,0
20260318,5,1,58,2,3,2,15,0,0,76.31,6,2
20260318,5,2,61,1,5,2,12,1,0,78.76,5,1
20260318,5,3,59,2,4,2,19,3,1,78.75,6,2
20260318,5,4,59,3,6,2,15,2,0,78.58,8,2
20260318,5,5,64,2,5,2,12,2,1,83.46,8,1
20260319,1,1,43,1,3,1,6,1,0,70.78,4,1
20260319,1,2,44,2,4,1,7,1,1,70.62,3,1
20260319,1,3,41,1,4,1,9,4,1,71.59,3,2
20260319,1,4,50,1,5,1,9,1,0,74.4,2,0
20260319,1,5,46,2,3,2,8,2,0,76.41,6,1
20260319,2,1,45,1,4,1,9,1,1,73.47,6,2
20260319,2,2,41,1,5,2,9,0,1,71.3,5,1
20260319,2,3,50,2,5,1,10,3,1,72.53,5,1
20260319,2,4,50,2,5,2,10,2,0,75.5,5,1
20260319,2,5,50,2,4,2,9,0,1,75.3,6,1
20260319,3,1,51,1,4,1,12,0,0,72.91,6,1
20260319,3,2,54,1,3,2,9,0,0,74.13,4,1
20260319,3,3,49,1,5,2,13,2,0,76.57,5,2
20260319,3,4,60,1,4,2,9,2,1,77.94,6,1
20260319,3,5,61,1,5,3,12,1,1,80.24,7,1
20260319,4,1,51,1,4,2,12,2,1,77.45,7,1
20260319,4,2,52,1,4,1,14,1,1,77.66,6,1
20260319,4,3,51,1,6,2,14,2,1,77.51,6,1
20260319,4,4,57,2,5,2,14,1,1,77.99,6,1
20260319,4,5,55,2,5,2,12,0,0,82.21,8,1
20260319,5,1,54,2,5,1,13,0,0,75.56,8,2
20260319,5,2,59,2,5,1,14,2,1,78.41,7,1
20260319,5,3,64,2,6,2,17,3,0,78.4,6,1
20260319,5,4,59,3,6,2,13,2,0,81.64,6,1
20260319,5,5,61,2,6,3,14,1,1,82.68,10,1
20260320,1,1,42,2,3,0,8,2,0,68.2,4,1
20260320,1,2,37,1,3,1,8,1,1,70.35,4,1
20260320,1,3,41,2,3,2,12,3,2,71.04,5,1
20260320,1,4,48,1,4,1,9,0,1,76.1,5,1
20260320,1,5,48,2,6,2,6,0,1,76.1,7,1
20260320,2,1,46,0,4,1,7,1,1,73.54,3,2
20260320,2,2,45,1,3,1,9,1,0,72.85,5,1
20260320,2,3,51,1,4,2,12,4,2,76.19,5,2
20260320,2,4,49,2,4,1,8,2,1,76.23,5,2
20260320,2,5,58,2,6,2,10,1,1,76.92,7,1
20260320,3,1,45,1,5,1,11,1,1,73.12,4,1
20260320,3,2,53,2,4,1,11,1,0,73.54,4,0
20260320,3,3,55,2,4,2,13,3,2,74.86,7,1
20260320,3,4,52,2,6,2,9,1,1,75.74,6,1
20260320,3,5,57,1,5,2,10,1,1,79.59,8,1
20260320,4,1,52,2,4,2,13,2,0,76.36,5,2
20260320,4,2,56,3,4,1,14,1,1,75.09,8,0
20260320,4,3,59,1,5,2,16,3,1,80.2,6,1
20260320,4,4,61,3,5,3,11,0,1,76.62,7,1
20260320,4,5,62,3,4,2,12,2,0,81.65,9,0
20260320,5,1,49,2,5,2,14,1,0,77.7,6,2
20260320,5,2,55,3,6,2,15,1,1,75.32,8,1
20260320,5,3,60,3,6,2,16,3,1,77.07,7,2
20260320,5,4,59,2,6,2,16,1,1,82.05,7,1
20260320,5,5,60,2,6,3,14,2,0,80.39,9,1
20260321,1,1,40,2,2,1,8,2,1,71.83,3,1
20260321,1,2,38,0,3,1,7,1,1,74.46,2,1
20260321,1,3,45,1,4,1,10,4,2,71.52,4,2
20260321,1,4,45,1,2,2,10,0,1,74.83,2,1
20260321,1,5,51,1,4,2,7,1,0,77.1,6,1
20260321,2,1,42,1,3,2,11,1,1,73.73,3,2
20260321,2,2,48,1,4,2,9,0,1,72.5,4,2
20260321,2,3,53,1,4,2,11,4,2,75.72,5,2
20260321,2,4,52,1,4,2,8,0,1,77.38,4,1
20260321,2,5,57,1,3,1,9,0,1,78.13,7,1
20260321,3,1,45,1,4,1,12,2,1,73.31,5,1
20260321,3,2,47,2,4,1,11,0,1,74.84,6,1
20260321,3,3,51,2,3,1,13,4,2,75.32,6,1
20260321,3,4,54,1,5,1,11,1,1,76.97,5,0
20260321,3,5,61,2,5,2,11,0,0,77.52,8,1
20260321,4,1,52,2,4,1,12,0,0,75.16,5,1
20260321,4,2,56,1,3,2,14,1,1,78.78,6,1
20260321,4,3,52,1,3,1,14,3,2,80.78,7,1
20260321,4,4,56,1,3,1,13,1,1,80.74,6,1
20260321,4,5,65,1,4,2,11,1,0,80.26,8,1
20260321,5,1,50,1,3,2,13,1,1,80.05,6,2
20260321,5,2,52,1,3,2,15,2,1,79.53,7,1
20260321,5,3,56,2,4,2,18,3,2,81.13,8,2
20260321,5,4,60,1,4,3,15,1,1,83.14,8,1
20260321,5,5,68,1,4,2,13,1,0,83.84,9,1
20260322,1,1,43,1,3,1,7,0,1,69.0,4,1
20260322,1,2,38,0,2,1,9,1,0,71.86,2,1
20260322,1,3,41,0,4,2,12,3,2,74.38,4,1
20260322,1,4,44,1,3,2,7,1,1,74.6,4,0
20260322,1,5,47,0,3,2,7,2,0,75.66,4,1
20260322,2,1,48,1,3,1,11,0,1,71.87,5,1
20260322,2,2,46,2,3,2,10,2,1,71.54,6,1
20260322,2,3,51,2,4,2,11,3,1,75.41,4,2
20260322,2,4,50,1,3,2,8,1,1,78.67,5,1
20260322,2,5,51,1,4,2,9,0,1,78.52,6,2
20260322,3,1,44,1,3,1,9,1,1,74.68,5,1
20260322,3,2,53,0,3,1,9,2,1,76.85,3,1
20260322,3,3,51,1,3,1,15,3,1,79.42,5,1
20260322,3,4,57,1,3,2,11,1,0,77.16,6,1
20260322,3,5,60,2,3,2,9,1,0,81.21,8,1
20260322,4,1,46,1,5,2,14,2,0,74.07,5,1
20260322,4,2,48,1,5,1,11,0,0,76.3,5,0
20260322,4,3,59,2,5,2,17,2,2,76.86,6,1
20260322,4,4,61,2,3,2,13,1,1,80.75,5,0
20260322,4,5,64,1,3,3,12,0,1,80.43,8,1
20260322,5,1,56,1,4,1,15,1,1,76.88,7,1
20260322,5,2,59,2,4,2,15,1,1,77.32,6,1
20260322,5,3,56,1,4,2,16,4,2,81.44,7,2
20260322,5,4,63,2,4,3,12,0,0,79.92,6,1
20260322,5,5,62,1,6,3,13,1,1,83.18,9,1
20260323,1,1,35,2,4,1,7,1,1,67.83,4,1
20260323,1,2,45,1,3,2,7,0,1,70.46,4,1
20260323,1,3,43,1,3,2,9,3,1,72.59,4,1
20260323,1,4,47,2,4,1,8,2,0,74.9,5,0
20260323,1,5,46,2,5,1,9,1,1,76.23,6,1
20260323,2,1,48,1,4,1,9,1,1,71.34,3,2
20260323,2,2,42,2,4,1,9,1,0,72.46,5,1
20260323,2,3,53,1,5,1,12,4,2,75.19,5,2
20260323,2,4,56,1,4,2,8,1,0,76.71,4,1
20260323,2,5,55,1,4,2,10,2,1,76.67,6,1
20260323,3,1,43,1,4,2,11,1,1,75.74,5,2
20260323,3,2,55,1,4,1,12,2,1,74.46,6,1
20260323,3,3,49,1,4,2,14,4,2,77.74,5,2
20260323,3,4,54,1,5,2,12,1,1,80.0,5,0
20260323,3,5,53,3,5,1,10,0,1,76.78,7,1
20260323,4,1,47,2,3,1,12,0,1,75.46,5,1
20260323,4,2,58,2,4,2,11,1,0,78.3,7,1
20260323,4,3,51,3,6,2,14,3,2,74.92,7,1
20260323,4,4,55,2,4,2,13,2,1,78.72,7,0
20260323,4,5,60,1,7,2,12,0,1,79.82,7,0
20260323,5,1,52,2,4,2,13,0,1,78.7,7,2
20260323,5,2,56,3,4,2,13,0,0,78.33,6,1
20260323,5,3,58,1,5,2,17,3,2,82.04,6,2
20260323,5,4,59,2,5,3,13,0,0,82.16,6,1
20260323,5,5,62,2,6,3,14,1,0,82.58,10,1
20260324,1,1,43,2,3,1,9,0,1,68.31,5,1
20260324,1,2,42,2,3,1,10,0,0,71.46,4,1
20260324,1,3,45,2,3,1,10,3,2,71.22,5,1
20260324,1,4,45,2,4,1,7,2,1,74.96,4,1
20260324,1,5,56,2,4,2,7,1,1,75.18,6,1
20260324,2,1,47,1,4,1,10,1,0,72.7,5,2
20260324,2,2,41,2,5,1,9,1,1,71.08,4,1
20260324,2,3,53,1,5,1,12,3,2,75.7,5,2
20260324,2,4,49,1,4,2,7,2,0,75.85,4,1
20260324,2,5,54,1,4,2,10,0,0,78.98,7,1
20260324,3,1,51,1,3,1,12,2,1,75.85,5,2
20260324,3,2,49,2,4,1,12,1,1,73.48,5,0
20260324,3,3,51,1,5,2,15,4,2,76.84,5,2
20260324,3,4,53,3,4,1,12,1,0,78.39,7,0
20260324,3,5,59,2,6,2,11,1,1,76.97,7,0
20260324,4,1,45,1,5,1,14,2,0,75.05,6,1
20260324,4,2,56,2,5,2,13,1,0,75.14,5,1
20260324,4,3,61,2,6,1,14,4,2,78.03,7,1
20260324,4,4,56,2,5,1,13,1,1,80.35,8,0
20260324,4,5,64,3,5,3,13,0,0,80.85,9,1
20260324,5,1,49,2,4,2,15,1,0,76.49,7,1
20260324,5,2,62,1,6,2,13,1,1,79.77,7,1
20260324,5,3,63,1,6,1,17,4,1,81.29,8,2
20260324,5,4,59,2,6,2,16,1,1,79.73,7,1
20260324,5,5,68,3,6,3,15,0,0,83.09,10,1
20260325,1,1,35,1,3,1,6,2,0,70.99,4,1
20260325,1,2,47,2,3,1,6,0,1,71.72,5,1
20260325,1,3,49,2,4,2,11,2,1,72.47,4,1
20260325,1,4,49,2,4,1,6,1,1,74.52,3,1
20260325,1,5,55,2,4,2,7,0,0,74.12,5,1
20260325,2,1,43,1,5,2,9,1,1,71.2,3,2
20260325,2,2,45,2,4,1,9,1,1,71.41,4,1
20260325,2,3,46,2,5,1,13,3,2,72.61,4,2
20260325,2,4,56,2,4,1,11,1,0,77.33,5,1
20260325,2,5,53,2,3,2,8,1,0,78.74,7,1
20260325,3,1,45,2,4,1,9,1,1,73.21,7,2
20260325,3,2,55,2,5,1,12,1,0,74.31,6,1
20260325,3,3,52,2,4,2,14,4,2,75.47,4,1
20260325,3,4,55,2,6,2,11,0,1,77.48,5,1
20260325,3,5,62,3,4,2,10,1,0,77.34,8,1
20260325,4,1,45,1,3,1,14,1,0,78.35,5,2
20260325,4,2,58,2,5,1,14,1,1,77.01,5,1
20260325,4,3,58,2,5,2,16,3,1,79.59,6,1
20260325,4,4,56,2,4,3,14,2,1,78.23,5,1
20260325,4,5,58,3,4,3,12,0,1,79.53,7,1
20260325,5,1,56,2,4,2,15,0,1,78.31,7,2
20260325,5,2,61,2,5,1,13,0,1,78.82,6,1
20260325,5,3,60,2,5,2,18,4,2,78.87,8,2
20260325,5,4,58,3,5,3,15,0,0,79.85,7,1
20260325,5,5,65,2,6,3,15,0,1,82.13,10,1
20260326,1,1,45,2,5,2,6,2,0,69.29,5,1
20260326,1,2,44,1,5,1,7,0,1,72.08,5,0
20260326,1,3,48,2,4,2,12,2,1,74.1,4,1
20260326,1,4,44,1,3,1,8,1,0,73.77,3,1
20260326,1,5,52,1,6,2,7,0,1,76.31,7,0
20260326,2,1,41,1,5,1,8,0,1,71.28,3,2
20260326,2,2,43,1,5,1,9,1,0,73.0,4,1
20260326,2,3,54,1,3,1,14,4,2,76.71,4,2
20260326,2,4,55,2,5,2,11,1,1,77.38,4,1
20260326,2,5,59,1,5,2,8,1,1,76.4,7,1
20260326,3,1,45,1,4,2,12,1,0,75.63,4,2
20260326,3,2,51,2,4,2,13,0,1,74.92,4,0
20260326,3,3,50,2,3,1,15,2,1,75.39,6,1
20260326,3,4,58,2,4,2,9,0,0,78.99,6,1
20260326,3,5,53,2,6,2,10,2,1,79.52,6,1
20260326,4,1,51,1,4,2,12,2,0,77.11,6,1
20260326,4,2,50,1,5,1,11,0,1,77.1,7,1
20260326,4,3,56,1,6,2,14,3,2,78.66,7,1
20260326,4,4,54,2,4,2,11,2,1,80.49,8,1
20260326,4,5,57,2,6,2,12,0,0,80.01,8,0
20260326,5,1,50,2,4,1,14,1,0,77.61,7,2
20260326,5,2,53,2,5,2,12,1,0,79.43,6,1
20260326,5,3,65,1,5,2,18,4,2,79.56,7,2
20260326,5,4,65,3,6,2,14,1,1,81.51,9,1
20260326,5,5,64,2,6,2,16,1,1,81.52,8,1
20260327,1,1,38,1,4,1,7,0,0,70.39,3,2
20260327,1,2,41,0,4,1,6,0,1,74.54,2,1
20260327,1,3,43,1,4,1,12,3,2,75.51,2,2
20260327,1,4,50,1,3,2,7,1,1,75.21,3,1
20260327,1,5,52,1,3,2,6,1,0,77.63,5,0
20260327,2,1,48,1,5,1,8,1,1,74.13,4,1
20260327,2,2,44,2,5,1,8,1,1,71.65,3,1
20260327,2,3,51,2,4,1,11,4,2,75.79,5,2
20260327,2,4,56,2,5,1,9,1,0,75.67,3,2
20260327,2,5,53,2,6,2,9,1,0,78.21,6,1
20260327,3,1,52,1,3,2,9,1,0,74.4,4,1
20260327,3,2,49,2,5,1,11,0,1,74.45,5,0
20260327,3,3,48,1,4,1,13,3,1,78.5,6,2
20260327,3,4,54,1,6,2,13,1,0,79.1,4,1
20260327,3,5,53,2,5,2,10,2,1,80.5,7,0
20260327,4,1,49,2,4,1,12,1,0,76.46,6,1
20260327,4,2,48,2,3,1,11,1,1,77.61,7,1
20260327,4,3,53,1,5,2,14,3,2,78.22,5,2
20260327,4,4,61,2,5,2,11,1,1,78.99,5,1
20260327,4,5,66,2,6,3,14,2,1,81.07,8,0
20260327,5,1,50,2,4,2,13,1,1,78.15,6,2
20260327,5,2,53,2,4,2,12,1,0,80.17,7,1
20260327,5,3,57,2,6,2,17,4,1,80.52,6,2
20260327,5,4,58,3,6,2,14,2,1,80.27,8,1
20260327,5,5,62,3,5,2,15,1,1,81.32,8,1
20260328,1,1,39,1,4,1,8,1,0,72.41,3,2
20260328,1,2,45,0,3,2,9,0,1,71.54,3,0
20260328,1,3,44,0,4,1,11,3,2,73.24,4,1
20260328,1,4,51,1,2,2,7,1,1,75.68,4,1
20260328,1,5,50,1,3,2,9,1,0,78.16,5,1
20260328,2,1,47,1,3,2,11,1,1,72.07,4,1
20260328,2,2,47,1,4,1,8,1,0,74.64,5,1
20260328,2,3,52,2,4,2,13,2,2,75.42,5,2
20260328,2,4,53,1,3,2,10,1,0,78.59,5,1
20260328,2,5,52,1,3,2,11,0,0,79.72,6,2
20260328,3,1,47,1,4,2,10,1,1,73.6,4,2
20260328,3,2,46,1,4,2,12,0,0,76.41,5,1
20260328,3,3,57,1,4,2,13,3,2,77.59,5,2
20260328,3,4,58,1,5,1,11,1,1,77.39,5,1
20260328,3,5,56,1,3,2,13,0,1,81.2,6,1
20260328,4,1,53,1,4,2,12,0,1,76.64,6,1
20260328,4,2,54,2,3,2,11,0,1,79.04,5,1
20260328,4,3,52,2,3,2,15,3,1,77.59,6,2
20260328,4,4,62,2,4,2,12,2,1,79.54,7,1
20260328,4,5,62,1,5,2,12,0,0,82.32,7,1
20260328,5,1,53,1,3,2,14,1,0,78.3,5,2
20260328,5,2,61,1,5,2,14,1,0,80.98,5,1
20260328,5,3,64,2,3,2,18,4,2,81.86,7,2
20260328,5,4,62,1,5,3,13,2,1,82.16,5,1
20260328,5,5,64,1,5,2,12,1,1,85.12,7,1
20260329,1,1,35,1,3,1,8,1,1,72.42,4,1
20260329,1,2,46,1,2,1,7,1,0,71.36,3,0
20260329,1,3,42,1,3,2,10,3,2,74.27,3,1
20260329,1,4,45,1,2,1,9,1,0,76.68,3,0
20260329,1,5,52,1,4,2,6,0,0,78.14,6,1
20260329,2,1,42,1,4,1,8,1,0,71.46,5,2
20260329,2,2,46,1,3,1,11,0,0,74.81,4,1
20260329,2,3,54,1,3,1,12,4,2,75.61,5,2
20260329,2,4,54,2,3,2,8,1,0,78.31,5,1
20260329,2,5,53,1,4,2,8,1,1,80.2,5,1
20260329,3,1,47,1,3,1,11,1,1,75.91,5,2
20260329,3,2,50,2,4,1,11,1,0,75.08,5,1
20260329,3,3,51,1,4,1,14,2,1,78.72,4,1
20260329,3,4,55,1,4,2,12,0,1,79.42,4,1
20260329,3,5,61,1,5,2,12,1,1,80.93,7,1
20260329,4,1,56,1,4,1,14,1,0,75.84,6,2
20260329,4,2,58,1,4,1,12,0,1,77.88,4,1
20260329,4,3,51,1,4,2,17,3,1,80.84,5,1
20260329,4,4,59,1,4,2,14,1,0,79.9,6,1
20260329,4,5,58,2,5,2,13,1,0,82.77,8,0
20260329,5,1,55,2,4,1,15,1,1,76.69,8,2
20260329,5,2,57,2,4,2,16,0,0,79.1,6,1
20260329,5,3,56,1,4,2,16,3,2,82.25,7,2
20260329,5,4,64,1,3,2,12,1,1,83.92,7,1
20260329,5,5,70,2,4,2,14,1,1,84.62,9,1
20260330,1,1,42,2,3,1,8,1,1,70.22,5,1
20260330,1,2,44,1,4,1,9,1,1,71.7,2,1
20260330,1,3,46,1,5,1,10,3,1,75.15,2,1
20260330,1,4,45,2,4,1,7,2,0,75.05,4,1
20260330,1,5,52,1,3,2,9,1,1,75.48,6,1
20260330,2,1,49,2,4,1,9,0,1,72.36,4,2
20260330,2,2,52,2,4,2,11,1,0,72.32,4,1
20260330,2,3,46,2,5,2,12,4,2,75.23,4,2
20260330,2,4,54,2,4,2,11,1,0,74.68,5,1
20260330,2,5,56,2,5,2,11,0,0,76.02,8,1
20260330,3,1,43,1,5,1,11,1,0,74.52,4,1
20260330,3,2,49,2,4,1,9,1,1,75.75,6,1
20260330,3,3,53,2,6,2,14,3,2,77.75,7,1
20260330,3,4,57,2,5,2,13,2,0,79.03,5,1
20260330,3,5,58,2,4,2,12,0,1,79.66,6,1
20260330,4,1,52,2,3,1,13,2,1,77.41,5,1
20260330,4,2,59,2,6,2,13,1,0,77.79,5,1
20260330,4,3,56,2,4,2,17,3,2,77.05,8,2
20260330,4,4,64,2,6,3,11,2,0,80.04,8,1
20260330,4,5,63,2,6,2,12,1,0,80.86,8,1
20260330,5,1,50,2,5,1,15,0,0,76.93,6,1
20260330,5,2,54,2,4,2,14,1,1,78.04,8,1
20260330,5,3,56,2,5,2,16,3,2,79.97,8,2
20260330,5,4,64,2,6,2,13,1,0,83.01,8,1
20260330,5,5,61,2,7,3,15,1,1,83.41,8,1
20260331,1,1,43,1,5,2,9,2,0,70.65,3,1
20260331,1,2,47,1,3,1,7,0,0,72.42,3,1
20260331,1,3,41,2,3,2,9,2,1,74.28,4,1
20260331,1,4,50,1,3,2,6,0,0,74.75,3,1
20260331,1,5,47,1,5,2,8,0,1,76.6,7,0
20260331,2,1,41,1,3,1,8,1,0,73.89,5,1
20260331,2,2,50,1,4,1,10,1,0,73.85,4,1
20260331,2,3,44,2,5,1,14,4,2,73.9,6,1
20260331,2,4,57,1,5,1,7,0,0,78.87,4,1
20260331,2,5,57,3,6,1,9,1,0,77.44,6,1
20260331,3,1,42,1,3,1,10,1,1,73.69,6,1
20260331,3,2,55,1,5,1,9,0,0,77.99,4,1
20260331,3,3,49,2,3,2,15,2,2,77.68,4,1
20260331,3,4,59,1,4,2,9,0,0,78.17,5,1
20260331,3,5,62,1,6,2,12,1,0,78.77,6,1
20260331,4,1,49,2,5,1,11,0,1,75.57,6,2
20260331,4,2,56,2,4,2,12,1,1,78.74,5,1
20260331,4,3,57,2,4,2,14,3,2,78.32,5,1
20260331,4,4,64,2,5,2,12,1,0,78.84,7,1
20260331,4,5,62,2,5,2,12,1,0,80.67,9,1
20260331,5,1,51,2,5,2,16,1,1,78.17,6,2
20260331,5,2,60,2,5,2,16,1,1,79.96,6,1
20260331,5,3,65,3,5,2,16,2,2,78.43,7,2
20260331,5,4,68,3,6,2,13,0,1,80.05,8,1
20260331,5,5,65,3,5,3,14,1,0,82.31,10,1
